id_cliente,documento,fecha_registro,segmento,ciudad,score_crediticio
1,75682867,2023-02-20,C,MEDELLÍN,1006
2,31081788,2025-10-21,VIP,BOGOTÁ,320
3,36735830,2022-01-29,PREMIUM,BOGOTÁ,630
4,41632483N,2022-06-28,VIP,BOGOTÁ,430
5,14981505,2022-03-15,VIP,BOGOTA,643
6,13344769,2023-07-10,C,BOGOTÁ,491
7,86893497,2025-06-12,PREMIUM,CALI,321
8,52860080,2023-03-05,PREMIUM ,CALI,774
9,72250665,2024-03-22,C,CALI,775
10,70221198,2023-07-08,VIP,BARRANQUILLA,489
11,26861870,2023-11-11,PREMIUM,BOGOTÁ,543
12,75285250,2024-05-14,VIP,CALI,784
13,71306900,2022-08-02,A,BOGOTÁ,466
14,58900483,2026-02-06,A,MEDELLÍN,615
15,54738553,2024-08-04,PREMIUM,BOGOTÁ,645
16,62157313,2025-11-20,C,MEDELLÍN,639
17,21392366,2022-03-01,VIP,BOGOTÁ,754
18,98883975,2025-07-29,VIP,BOGOTÁ,334
19,78979792,2023-05-01,C,BOGOTÁ,687
20,91200125,2024-08-03,C,BOGOTÁ,689
21,76401385,2024-03-19,C,BARRANQUILLA,776
22,62631083,2025-08-02,VIP,BOGOTÁ,461
23,95157821,2023-11-27,PREMIUM,BOGOTÁ,569
24,70304654,2022-01-26,B,BOGOTÁ,755
25,46433622,2023-05-10,VIP,BARRANQUILLA,551
26,65105831,2023-09-25,B,MEDELLÍN,637
27,79739572,2024-01-18,A,BOGOTÁ,516
28,67055419,2024-10-15,VIP,BARRANQUILLA,679
29,78394024,2026-02-05,VIP,BARRANQUILLA,456
30,48727468,2024-09-17,PREMIUM ,BOGOTÁ,364
31,95390464,2023-03-01,VIP,CALI,771
32,22719242,2024-07-07,C,BARRANQUILLA,798
33,54054178,2025-02-06,VIP,BOGOTÁ,1188
34,59583876,2025-07-04,B,BOGOTA,789
35,47407771,2025-08-03,C,BOGOTÁ,434
36,61327755,2023-03-16,C,MEDELLÍN,332
37,64079037,2024-04-07,VIP,BOGOTÁ,398
38,63933927,2023-07-05,A,CALI,846
39,44045666,2024-05-18,C,MEDELLÍN,761
40,56321408,2022-09-27,A,BOGOTÁ,304
41,84023414,2023-10-03,PREMIUM ,BOGOTA,697
42,49443226,2025-07-28,PREMIUM,BOGOTA,692
43,83619289,2023-10-10,VIP,BARRANQUILLA,760
44,59007334,2024-08-05,PREMIUM ,BOGOTÁ,540
45,13331068,2024-10-23,PREMIUM,BOGOTÁ,395
46,55816038,2024-08-28,VIP,BARRANQUILLA,470
47,53156515,2022-11-24,C,BOGOTÁ,824
48,31970758,2023-02-06,B,BOGOTÁ,542
49,33484187,2022-05-28,B,BOGOTÁ,327
50,85415325,2022-05-20,A,BOGOTA,630
51,63892568,2025-08-14,B,BOGOTA,530
52,80016224,2022-04-21,VIP,BOGOTA,684
53,99583549,2022-05-09,PREMIUM ,BARRANQUILLA,558
54,46102853,2022-03-18,PREMIUM,CALI,755
55,57936136,2022-09-20,VIP,BOGOTÁ,617
56,93375337,2022-01-16,A,BOGOTÁ,673
57,76653416,2024-12-05,PREMIUM ,BOGOTÁ,412
58,17654909,2022-04-11,PREMIUM,MEDELLÍN,685
59,94302960,2024-03-23,B,BOGOTÁ,380
60,77922032,2024-05-19,VIP,BOGOTÁ,301
61,30560091,2025-01-31,PREMIUM ,BOGOTÁ,524
62,99386386,2023-03-11,PREMIUM ,MEDELLÍN,429
63,98917675,2025-06-18,B,BARRANQUILLA,715
64,78227907,2025-08-01,A,BARRANQUILLA,738
65,91121402,2024-01-15,PREMIUM,CALI,700
66,16659908,2023-06-14,PREMIUM ,BOGOTA,497
67,29433354,2024-01-30,B,CALI,810
68,83422991,2022-12-30,VIP,BOGOTA,500
69,45213498,2024-11-13,A,BOGOTA,625
70,50910172,2022-05-22,VIP,MEDELLÍN,702
71,61939266,2025-09-26,PREMIUM ,MEDELLÍN,810
72,31114003,2023-08-06,PREMIUM ,MEDELLÍN,788
73,60402943,2023-10-02,VIP,MEDELLÍN,637
74,63777024,2025-09-22,A,BARRANQUILLA,772
75,53799966,2025-06-02,C,CALI,597
76,26037627,2025-03-11,B,CALI,443
77,67631343,2023-09-07,C,BARRANQUILLA,301
78,42797855,2022-09-12,A,BOGOTÁ,308
79,33448674,2022-12-23,A,BOGOTÁ,507
80,64006163,2025-12-28,B,CALI,451
81,64847136,2022-03-07,C,CALI,719
82,64710375,2022-09-18,VIP,CALI,553
83,43163773,2025-11-13,VIP,BOGOTA,772
84,31104792J,2023-11-21,VIP,BOGOTÁ,637
85,56918818,2023-12-12,A,BOGOTÁ,460
86,65403796,2022-04-06,C,BOGOTA,803
87,33508102,2025-01-15,VIP,BOGOTÁ,494
88,34947744,2023-07-11,C,BOGOTÁ,759
89,58673237,2023-04-11,C,BOGOTÁ,674
90,28298917X,2022-05-03,C,MEDELLÍN,529
91,87275698,2022-07-24,PREMIUM,BOGOTA,737
92,68245345E,2023-12-15,VIP,MEDELLÍN,576
93,96343264,2023-09-25,VIP,BOGOTA,583
94,97692768,2023-05-07,C,CALI,752
95,25900476,2024-08-22,PREMIUM ,BOGOTÁ,815
96,89688895,2026-02-03,B,BOGOTÁ,348
97,22707035,2024-10-31,PREMIUM ,BARRANQUILLA,457
98,46998516,2025-11-13,B,MEDELLÍN,817
99,76385640,2025-05-16,PREMIUM,BOGOTÁ,336
100,88384476,2025-04-24,PREMIUM ,BARRANQUILLA,796
101,52058334,2024-03-22,PREMIUM ,MEDELLÍN,398
102,49769056,2025-08-13,A,BARRANQUILLA,415
103,53369428,2022-08-20,B,MEDELLÍN,460
104,80995266,2026-02-02,C,MEDELLÍN,427
105,94574185,2024-04-05,PREMIUM,CALI,622
106,24716695,2023-10-20,PREMIUM ,CALI,587
107,73981206,2024-10-18,VIP,BOGOTA,454
108,20192257,2025-06-19,C,MEDELLÍN,1198
109,77607727,2024-01-23,A,BOGOTÁ,338
110,68114585,2024-09-13,PREMIUM ,CALI,707
111,92008891,2023-09-01,A,BARRANQUILLA,805
112,16512440,2024-04-06,A,BOGOTÁ,335
113,39093907,2024-09-26,PREMIUM ,BOGOTA,620
114,72460303,2022-12-11,VIP,BOGOTÁ,770
115,12503771,2023-11-09,VIP,CALI,653
116,14183839,2024-07-25,A,BOGOTÁ,350
117,66224957,2025-09-23,VIP,BARRANQUILLA,424
118,81531065,2025-04-21,VIP,MEDELLÍN,641
119,36191539,2023-05-24,PREMIUM,BOGOTÁ,353
120,18849851,2023-03-11,VIP,CALI,563
121,94890726,2024-01-08,C,CALI,495
122,97753580,2026-01-04,VIP,BOGOTÁ,649
123,61592034,2025-02-15,VIP,MEDELLÍN,568
124,80009467,2024-05-04,PREMIUM ,BOGOTÁ,405
125,99473854,2022-05-22,VIP,BOGOTÁ,357
126,88911293,2022-04-05,PREMIUM ,MEDELLÍN,426
127,14294539,2024-05-27,B,MEDELLÍN,357
128,10803328P,2023-01-05,VIP,BOGOTÁ,395
129,26953831,2023-09-07,VIP,MEDELLÍN,536
130,84583311,2024-03-18,PREMIUM,MEDELLÍN,488
131,87183765,2023-02-16,PREMIUM ,BOGOTÁ,546
132,25192217,2023-05-30,PREMIUM ,BOGOTÁ,734
133,71819576,2022-09-25,B,BOGOTÁ,584
134,73362116,2023-05-18,VIP,BOGOTA,346
135,60296557,2022-10-11,PREMIUM ,BARRANQUILLA,752
136,83706383,2024-11-03,VIP,BARRANQUILLA,517
137,30279846,2022-08-22,B,BOGOTÁ,588
138,82193785,2023-01-23,PREMIUM ,MEDELLÍN,821
139,70361505,2022-09-22,PREMIUM ,BOGOTA,479
140,75732489,2024-01-13,PREMIUM,BOGOTÁ,741
141,44907127,2024-09-22,C,CALI,624
142,44654999,2025-06-07,B,MEDELLÍN,635
143,58978079,2023-10-22,B,BOGOTÁ,774
144,65723671,2023-07-09,PREMIUM,BARRANQUILLA,679
145,71704882,2022-08-08,PREMIUM,BOGOTA,726
146,57685442,2023-03-21,PREMIUM ,BOGOTA,1067
147,45610155,2022-07-05,C,CALI,911
148,88262145,2024-10-09,PREMIUM ,BARRANQUILLA,552
149,47317456,2024-01-06,PREMIUM ,BOGOTA,389
150,54653148,2025-10-28,C,BARRANQUILLA,717
151,12597480,2023-11-17,VIP,BOGOTÁ,495
152,49673332,2023-02-17,PREMIUM ,BARRANQUILLA,792
153,20617244,2022-03-09,VIP,BOGOTÁ,675
154,60234072,2023-05-06,VIP,BOGOTÁ,576
155,13369720,2024-11-20,PREMIUM ,BARRANQUILLA,693
156,35856919,2024-02-12,C,MEDELLÍN,491
157,65395426,2023-06-18,PREMIUM,CALI,847
158,10070640,2024-04-28,C,BOGOTÁ,395
159,72976036,2025-05-17,A,CALI,668
160,29511512,2025-12-20,VIP,BOGOTÁ,572
161,69946863,2025-01-19,B,BOGOTÁ,641
162,98146618,2025-08-27,PREMIUM,BOGOTÁ,318
163,56547339,2022-09-12,PREMIUM,BOGOTÁ,744
164,24573458,2025-05-31,VIP,BOGOTA,375
165,39264326,2023-10-23,PREMIUM ,MEDELLÍN,683
166,39365614,2023-09-19,A,CALI,443
167,61371106,2023-04-08,PREMIUM,BARRANQUILLA,695
168,79872506,2022-12-03,VIP,BOGOTÁ,768
169,10197775,2025-11-03,VIP,CALI,338
170,33614649,2022-09-22,A,BOGOTA,697
171,27310852,2022-09-30,PREMIUM,BOGOTÁ,462
172,72989020,2024-05-03,C,BOGOTÁ,534
173,87273675,2023-02-18,A,BARRANQUILLA,308
174,41665404,2022-11-10,PREMIUM ,BARRANQUILLA,529
175,67849484,2025-09-03,VIP,BOGOTA,467
176,50201137,2026-01-22,PREMIUM ,BOGOTA,493
177,72182821,2022-05-03,PREMIUM ,BOGOTÁ,638
178,33020885,2024-09-27,B,BOGOTÁ,799
179,16200646,2022-07-06,PREMIUM ,BARRANQUILLA,516
180,24509187,2022-08-24,C,BOGOTÁ,369
181,65478034,2023-09-28,PREMIUM,MEDELLÍN,744
182,85524262,2024-03-08,C,BOGOTA,390
183,10448345,2026-01-12,A,BOGOTA,830
184,25814828,2023-03-06,VIP,BARRANQUILLA,519
185,83851335,2023-05-02,VIP,BARRANQUILLA,660
186,99630668,2025-08-14,PREMIUM ,BOGOTÁ,647
187,48503931,2022-03-20,VIP,MEDELLÍN,668
188,30812709,2025-10-09,PREMIUM,BOGOTA,416
189,99589817,2023-11-28,VIP,BOGOTA,472
190,79334164,2023-09-18,C,CALI,379
191,88998740,2024-01-18,B,CALI,502
192,58518372,2022-02-16,PREMIUM ,BOGOTÁ,526
193,52801198,2022-07-02,PREMIUM,CALI,532
194,45427853,2022-03-14,VIP,BOGOTA,442
195,20986868,2024-05-05,B,CALI,558
196,88815702,2022-06-07,A,BOGOTÁ,311
197,65454431,2023-06-24,A,BOGOTA,657
198,65860631,2023-04-25,VIP,BARRANQUILLA,672
199,67681017,2025-11-22,C,BARRANQUILLA,1063
200,66987271,2022-11-06,A,CALI,615
201,78452891,2024-02-11,PREMIUM ,BOGOTÁ,340
202,84993343,2023-07-07,VIP,BOGOTÁ,801
203,30814992,2023-08-06,VIP,CALI,500
204,31288948,2024-02-19,VIP,BARRANQUILLA,760
205,37345820,2022-08-23,B,BOGOTA,846
206,23021573,2024-03-13,C,BOGOTA,555
207,94461358,2026-02-10,VIP,BOGOTÁ,749
208,17136029,2022-08-25,PREMIUM ,MEDELLÍN,541
209,69994988,2023-01-04,A,MEDELLÍN,304
210,31496823,2023-02-27,B,BOGOTÁ,673
211,59907857,2022-09-06,PREMIUM,CALI,523
212,17468810S,2025-12-19,VIP,BARRANQUILLA,581
213,87264088,2025-11-07,C,BOGOTÁ,760
214,46805730,2025-01-31,B,BARRANQUILLA,810
215,68720660,2024-11-01,B,CALI,817
216,11722320,2023-04-10,B,CALI,736
217,91550308,2025-11-29,C,BARRANQUILLA,757
218,66024141,2026-02-19,VIP,BARRANQUILLA,756
219,81086130,2024-11-28,PREMIUM,BARRANQUILLA,745
220,76360176,2026-01-17,PREMIUM,BOGOTÁ,787
221,71902171,2023-02-20,A,MEDELLÍN,394
222,75812633,2024-04-17,VIP,BOGOTA,549
223,42043445,2024-01-11,VIP,CALI,417
224,96601594,2025-05-28,B,BARRANQUILLA,605
225,26689088,2025-06-29,C,MEDELLÍN,353
226,17102173,2024-06-06,PREMIUM ,BARRANQUILLA,700
227,58515838,2023-08-16,PREMIUM,CALI,602
228,32064334,2023-10-21,B,CALI,528
229,71681549,2024-12-12,VIP,BARRANQUILLA,374
230,58840101,2025-11-14,PREMIUM,BOGOTÁ,605
231,60011985,2023-10-15,PREMIUM ,BARRANQUILLA,634
232,42843745,2025-06-16,A,BOGOTÁ,607
233,70084389,2023-06-12,A,MEDELLÍN,780
234,28130254,2024-01-23,PREMIUM,BOGOTÁ,841
235,89945266,2025-10-10,C,BOGOTA,380
236,75377052,2025-08-20,VIP,BARRANQUILLA,437
237,91251088,2023-06-12,VIP,MEDELLÍN,807
238,72754884,2025-12-29,A,BOGOTA,845
239,25734209,2025-10-17,PREMIUM ,BOGOTÁ,504
240,46081386,2025-11-01,PREMIUM ,MEDELLÍN,342
241,26663288,2023-10-26,VIP,BOGOTÁ,482
242,69387253,2023-09-04,PREMIUM,MEDELLÍN,819
243,48660995,2022-10-20,B,BOGOTA,580
244,32383810,2024-04-19,PREMIUM ,BOGOTÁ,392
245,79019569,2024-05-27,PREMIUM,CALI,360
246,31900338,2023-04-28,PREMIUM ,BOGOTÁ,702
247,15723601,2022-03-24,VIP,BOGOTA,833
248,85012933,2024-05-16,B,BARRANQUILLA,812
249,62576779,2023-03-18,VIP,BOGOTA,645
250,98132129,2023-02-19,PREMIUM ,MEDELLÍN,377
251,87998328,2023-01-02,PREMIUM,MEDELLÍN,346
252,11222869,2023-03-08,C,BOGOTÁ,538
253,13125354,2025-03-20,PREMIUM,BARRANQUILLA,347
254,25152994,2024-03-03,VIP,MEDELLÍN,552
255,32937902,2024-02-25,VIP,BOGOTA,355
256,84588685,2026-01-23,PREMIUM ,BARRANQUILLA,773
257,10067661,2022-04-12,A,BOGOTÁ,515
258,33335437,2023-09-21,B,BOGOTÁ,611
259,96787694,2022-08-02,C,BOGOTA,662
260,52573305,2022-10-23,PREMIUM ,CALI,314
261,92649048,2026-01-23,PREMIUM,CALI,784
262,96205129,2022-08-03,PREMIUM,BOGOTA,338
263,74413145E,2023-12-01,VIP,CALI,425
264,72132760,2022-10-03,PREMIUM,BOGOTÁ,444
265,32419480,2025-12-15,A,BARRANQUILLA,693
266,56523537,2025-07-07,A,BOGOTÁ,410
267,35153646,2026-01-17,C,CALI,769
268,18411883,2024-06-17,PREMIUM,BOGOTA,724
269,93031557,2022-06-17,B,BOGOTÁ,581
270,45555041,2025-04-11,VIP,MEDELLÍN,742
271,86301164,2022-07-18,B,BARRANQUILLA,676
272,42359860,2024-06-06,VIP,BOGOTÁ,576
273,29032579,2023-10-31,C,BOGOTÁ,649
274,26514877,2023-11-20,C,BOGOTA,649
275,86165878,2024-08-26,VIP,CALI,542
276,27810471,2024-08-21,PREMIUM,BARRANQUILLA,528
277,88550238,2022-06-15,C,BOGOTA,305
278,67975251,2026-02-16,A,BOGOTÁ,374
279,32763342,2024-10-04,PREMIUM ,BOGOTÁ,993
280,27807333,2025-08-10,VIP,BOGOTÁ,740
281,26263882,2023-04-07,C,MEDELLÍN,691
282,93721515,2022-03-19,VIP,MEDELLÍN,625
283,58014453,2024-09-06,VIP,BOGOTÁ,524
284,94740096,2024-05-07,A,BOGOTÁ,389
285,41699263,2025-10-04,PREMIUM,BOGOTÁ,849
286,63215075,2023-09-02,A,CALI,558
287,82017911,2025-06-04,B,MEDELLÍN,309
288,13757974,2023-09-06,C,BOGOTA,471
289,52321932,2025-04-05,B,CALI,467
290,69376958,2023-12-28,PREMIUM ,CALI,628
291,18112074,2022-03-10,A,BARRANQUILLA,849
292,31982813,2025-04-08,B,BOGOTÁ,394
293,19742257,2025-02-09,PREMIUM ,BOGOTA,633
294,13609736,2024-09-25,A,CALI,846
295,22225855,2023-10-01,VIP,BOGOTÁ,648
296,12155748,2023-12-15,PREMIUM ,BOGOTÁ,569
297,64256930,2026-02-15,B,BARRANQUILLA,464
298,82764242J,2025-12-04,VIP,MEDELLÍN,678
299,16941245,2024-06-29,PREMIUM,BOGOTÁ,431
300,19451244,2025-11-23,B,BOGOTÁ,341
301,27606951,2024-06-14,PREMIUM,BOGOTÁ,594
302,18351245,2023-04-10,B,BARRANQUILLA,721
303,15345854,2023-06-03,VIP,BOGOTÁ,442
304,67821848,2022-09-20,VIP,BOGOTÁ,444
305,80790126,2023-11-22,A,BARRANQUILLA,802
306,10953959,2023-03-25,C,BOGOTÁ,403
307,20016389,2022-11-05,PREMIUM,MEDELLÍN,690
308,36704425,2023-04-18,VIP,CALI,747
309,25586926,2024-10-30,C,BOGOTÁ,588
310,91143014,2025-09-16,A,BARRANQUILLA,719
311,20321336,2023-05-06,VIP,BOGOTA,396
312,87859104,2025-08-08,C,MEDELLÍN,553
313,41738453,2024-09-21,B,BOGOTÁ,821
314,17583354,2023-12-07,VIP,MEDELLÍN,417
315,32468492,2023-11-28,PREMIUM ,MEDELLÍN,458
316,21606243,2023-07-18,C,MEDELLÍN,515
317,19828366,2022-08-15,PREMIUM ,MEDELLÍN,456
318,85623580,2025-04-02,B,BOGOTÁ,346
319,25043403,2022-03-18,VIP,CALI,429
320,79353566Q,2023-12-19,VIP,BARRANQUILLA,591
321,17726890,2025-12-13,PREMIUM,BARRANQUILLA,582
322,71413011,2022-08-22,A,BARRANQUILLA,310
323,19451337,2022-12-20,A,BOGOTÁ,849
324,84504214,2025-04-24,VIP,CALI,645
325,34062169,2023-07-08,A,BARRANQUILLA,440
326,40256337,2023-05-23,A,BARRANQUILLA,759
327,21309411,2022-12-21,A,CALI,623
328,79790583,2023-01-17,C,BOGOTA,426
329,69220571,2023-05-13,C,BARRANQUILLA,677
330,73655986,2022-01-26,PREMIUM,BOGOTA,328
331,92972373,2023-11-29,VIP,BOGOTÁ,706
332,83684580,2022-05-22,PREMIUM ,BOGOTA,704
333,72671672,2024-08-02,PREMIUM,MEDELLÍN,300
334,47132658,2023-06-27,PREMIUM,BARRANQUILLA,730
335,87652169,2025-04-13,C,BOGOTÁ,735
336,29894388,2024-09-01,VIP,BARRANQUILLA,543
337,94903513,2025-01-30,A,BARRANQUILLA,374
338,23757649,2024-12-29,PREMIUM ,MEDELLÍN,774
339,62418906,2024-05-21,VIP,BOGOTA,828
340,35146282,2022-11-02,C,BOGOTÁ,478
341,96487703,2022-11-04,VIP,BOGOTÁ,324
342,64440645,2022-11-23,C,BOGOTÁ,800
343,90074928,2025-12-19,VIP,BARRANQUILLA,584
344,41199893,2022-01-19,PREMIUM ,BOGOTA,455
345,75170480,2022-05-07,VIP,MEDELLÍN,383
346,45966581,2024-11-01,PREMIUM ,BOGOTA,641
347,26405566,2024-08-08,A,BOGOTA,659
348,88795078,2023-06-06,C,BOGOTÁ,440
349,98213938,2026-01-19,C,CALI,617
350,23691164,2024-12-18,B,BOGOTA,604
351,21707868,2022-12-10,VIP,BOGOTÁ,585
352,20055079,2026-02-02,VIP,MEDELLÍN,318
353,64952704,2022-11-09,B,CALI,670
354,23769205,2025-10-29,VIP,BOGOTA,412
355,75954738,2023-08-10,B,BOGOTA,563
356,65849014F,2025-09-11,VIP,BARRANQUILLA,757
357,20669435,2025-12-27,C,MEDELLÍN,386
358,21484508,2023-11-10,PREMIUM,BOGOTÁ,307
359,97929144,2025-03-29,PREMIUM,BOGOTA,742
360,54489781,2022-09-16,PREMIUM,BOGOTA,538
361,63517362,2022-03-11,B,MEDELLÍN,563
362,95808215,2022-07-19,A,BOGOTÁ,377
363,61309687,2024-11-25,B,BARRANQUILLA,790
364,39677043,2025-08-22,VIP,BOGOTÁ,464
365,85094484,2025-03-27,PREMIUM ,BOGOTÁ,306
366,83678496B,2023-02-07,A,CALI,450
367,16202258,2022-07-22,VIP,BOGOTÁ,847
368,75174203,2024-09-24,A,CALI,381
369,28786176,2024-02-05,PREMIUM,BOGOTÁ,822
370,64148094,2024-03-15,PREMIUM ,BOGOTÁ,685
371,22790902,2025-06-04,VIP,BOGOTÁ,695
372,16193956,2023-08-30,C,MEDELLÍN,555
373,84380340,2023-10-20,VIP,BOGOTÁ,799
374,74910615,2024-05-29,PREMIUM ,CALI,457
375,81370810,2024-02-15,VIP,MEDELLÍN,427
376,91447632,2022-10-06,B,MEDELLÍN,414
377,90218637,2024-08-17,VIP,BOGOTÁ,820
378,58730049,2022-07-26,PREMIUM,BARRANQUILLA,536
379,43877350,2022-07-29,PREMIUM,BOGOTÁ,500
380,76374125,2024-04-25,VIP,BOGOTA,303
381,76268268,2023-11-05,C,MEDELLÍN,374
382,44569361,2026-01-09,VIP,CALI,427
383,70200291,2023-08-01,C,BOGOTA,340
384,30080673,2022-12-01,A,BOGOTÁ,316
385,84052985,2026-01-24,VIP,BOGOTÁ,641
386,80860062,2024-06-20,PREMIUM,BOGOTA,467
387,39063435,2023-08-29,A,BARRANQUILLA,754
388,45055276,2023-08-13,B,CALI,700
389,44954715,2023-05-07,A,BARRANQUILLA,429
390,92822506,2022-04-27,C,BOGOTÁ,591
391,34694812,2022-07-11,A,MEDELLÍN,448
392,61207679,2025-08-17,VIP,BOGOTA,412
393,78168486,2022-06-27,C,BARRANQUILLA,526
394,41354977,2024-06-07,VIP,BOGOTÁ,354
395,81240343,2025-12-13,A,CALI,705
396,74445751,2024-01-31,C,CALI,588
397,62673683,2022-09-01,VIP,MEDELLÍN,766
398,96654442,2025-02-20,B,CALI,806
399,99817241,2025-12-09,VIP,BARRANQUILLA,749
400,64278856,2023-04-16,A,CALI,595
401,38104320,2025-12-21,C,MEDELLÍN,516
402,13875754,2026-01-26,VIP,BOGOTÁ,341
403,67696034,2022-09-16,VIP,BARRANQUILLA,430
404,20047595,2023-10-08,C,MEDELLÍN,1001
405,50131083,2023-03-20,PREMIUM ,BARRANQUILLA,574
406,57517690,2025-03-27,B,BOGOTÁ,316
407,23143608,2026-02-08,VIP,BOGOTA,796
408,55745469,2025-03-18,A,BOGOTÁ,515
409,67874183,2025-02-11,B,BOGOTA,380
410,62534223,2024-11-11,PREMIUM ,BOGOTÁ,499
411,98798296,2024-10-19,B,BOGOTÁ,567
412,38172140,2026-01-04,VIP,BOGOTÁ,837
413,65471391,2024-03-11,C,BOGOTÁ,315
414,33387092,2025-06-15,B,CALI,385
415,11524102,2024-06-01,PREMIUM ,MEDELLÍN,634
416,62715014,2023-09-21,PREMIUM,BARRANQUILLA,436
417,87937327,2023-11-16,VIP,BOGOTA,797
418,39061846,2024-07-06,B,BOGOTA,776
419,88566365,2023-07-31,VIP,BARRANQUILLA,671
420,85779042,2022-02-14,A,BOGOTÁ,701
421,80503913,2022-11-25,C,BOGOTÁ,572
422,99967767,2023-01-25,VIP,MEDELLÍN,487
423,52942594,2023-07-30,B,BARRANQUILLA,470
424,25170521,2023-06-13,PREMIUM,BOGOTÁ,482
425,22267883,2024-10-11,PREMIUM,BOGOTÁ,338
426,40715395,2022-11-23,A,BOGOTÁ,1109
427,57149071,2022-03-03,B,BOGOTÁ,792
428,17152747,2025-04-15,VIP,MEDELLÍN,749
429,11020154,2022-08-02,VIP,BOGOTÁ,440
430,16733215,2023-07-08,B,MEDELLÍN,928
431,37259197,2024-02-03,VIP,BARRANQUILLA,544
432,20760888,2022-02-17,C,BOGOTÁ,571
433,75856750A,2025-05-30,VIP,BARRANQUILLA,676
434,59464216,2025-03-17,PREMIUM,BOGOTA,658
435,90884100,2022-02-28,VIP,MEDELLÍN,302
436,56695565,2025-04-02,A,BOGOTA,675
437,73813565,2024-12-15,B,BOGOTÁ,592
438,86767936,2023-11-26,C,BOGOTÁ,698
439,81425912,2023-07-02,PREMIUM ,BOGOTA,643
440,91242298,2023-07-27,PREMIUM,BOGOTÁ,360
441,58665285,2022-06-18,C,BOGOTÁ,739
442,41061293Y,2026-02-09,B,BOGOTÁ,643
443,94445004,2022-12-01,VIP,BOGOTÁ,525
444,20679043,2023-09-19,C,BOGOTA,609
445,87921522,2022-05-02,PREMIUM ,BOGOTÁ,792
446,61195209,2025-07-09,VIP,MEDELLÍN,406
447,49043896,2023-07-29,PREMIUM ,BARRANQUILLA,517
448,94912633M,2025-12-28,B,BOGOTÁ,558
449,11514542,2023-01-24,PREMIUM,BOGOTA,820
450,25135763,2024-12-28,VIP,MEDELLÍN,789
451,45383985,2022-12-09,A,BOGOTÁ,361
452,24315679,2023-09-11,C,BARRANQUILLA,419
453,34586222,2025-03-28,PREMIUM,CALI,388
454,95561923,2022-08-09,PREMIUM,CALI,656
455,20569320,2024-05-26,PREMIUM ,BOGOTÁ,622
456,29391451,2022-10-20,VIP,MEDELLÍN,840
457,87960088,2025-09-03,A,CALI,631
458,81087566,2022-08-15,VIP,BOGOTÁ,339
459,80706570,2023-06-12,C,BARRANQUILLA,525
460,21377787W,2025-03-29,PREMIUM,CALI,337
461,45280122,2023-08-21,A,BOGOTÁ,475
462,89655365,2022-06-21,VIP,BOGOTÁ,336
463,77511983,2023-03-24,B,BOGOTA,413
464,43957164,2025-04-08,B,BOGOTÁ,523
465,11132658,2023-03-24,C,BARRANQUILLA,622
466,63811239,2022-08-14,B,BOGOTÁ,588
467,79475474,2022-11-16,PREMIUM,BOGOTÁ,635
468,39342048,2024-08-12,PREMIUM,CALI,662
469,52827096,2025-03-01,A,BOGOTÁ,469
470,59352346,2024-03-22,PREMIUM,BOGOTA,721
471,20115078,2024-08-12,VIP,BARRANQUILLA,432
472,27486878,2024-12-21,VIP,BARRANQUILLA,834
473,26620937,2022-02-20,A,BARRANQUILLA,662
474,20528294,2025-03-01,A,BOGOTÁ,381
475,94328141,2025-05-01,VIP,CALI,823
476,34192961,2023-03-18,C,CALI,523
477,69844250,2022-09-12,VIP,BOGOTÁ,412
478,39263888,2022-09-22,B,BOGOTÁ,659
479,17281505,2023-10-18,B,BARRANQUILLA,747
480,36540396J,2024-11-10,PREMIUM,BOGOTA,625
481,57364509,2024-07-14,A,CALI,754
482,83663899,2022-09-23,PREMIUM,BOGOTA,634
483,25886372,2022-10-19,VIP,BOGOTÁ,577
484,85176851,2022-09-03,A,BARRANQUILLA,783
485,52081603,2023-04-16,B,BOGOTA,491
486,30833173,2023-09-18,B,BARRANQUILLA,700
487,19161408,2024-11-03,PREMIUM ,BOGOTÁ,321
488,62374647,2025-04-20,B,CALI,509
489,30353727,2024-03-06,VIP,CALI,584
490,31845218,2024-11-17,VIP,BOGOTA,680
491,23426716,2023-09-25,VIP,BOGOTA,332
492,95440590,2024-07-30,VIP,BOGOTA,758
493,14421590,2022-02-27,VIP,BOGOTA,837
494,39221379,2025-01-19,A,BOGOTÁ,398
495,54924392,2022-08-05,PREMIUM ,BOGOTA,338
496,68237814,2023-02-17,VIP,BARRANQUILLA,456
497,18674163,2023-06-22,VIP,BOGOTA,429
498,58548947,2022-01-29,PREMIUM,MEDELLÍN,321
499,67396048,2024-02-03,C,BARRANQUILLA,681
500,10224695,2025-04-23,PREMIUM,BARRANQUILLA,320
501,67884623,2022-02-04,VIP,MEDELLÍN,383
502,75402242,2022-08-19,VIP,CALI,806
503,45402297,2022-11-22,C,BOGOTA,826
504,65229602,2022-08-05,PREMIUM,BOGOTÁ,823
505,21950571,2023-03-04,A,BOGOTÁ,507
506,79583832,2024-09-18,VIP,BARRANQUILLA,608
507,99858638,2025-08-05,B,CALI,326
508,15241218,2023-07-06,B,MEDELLÍN,648
509,65482283,2025-02-07,PREMIUM,CALI,835
510,75658413,2022-12-01,PREMIUM,BOGOTA,826
511,15290717,2024-11-22,VIP,CALI,505
512,10797968S,2024-09-17,PREMIUM ,BOGOTÁ,535
513,65940773,2025-10-26,A,BOGOTÁ,800
514,80047063,2023-02-28,VIP,CALI,694
515,86107468,2025-05-22,PREMIUM,BOGOTÁ,371
516,85134271,2022-05-02,VIP,CALI,637
517,35554414,2026-02-09,PREMIUM ,BOGOTA,465
518,42134444,2022-03-04,VIP,BOGOTA,401
519,45943815,2023-02-04,PREMIUM,CALI,513
520,99859624,2024-07-12,C,MEDELLÍN,700
521,86934008,2022-01-25,VIP,BOGOTÁ,345
522,68438965I,2025-11-20,PREMIUM ,BARRANQUILLA,385
523,74274067,2026-02-18,VIP,MEDELLÍN,541
524,22851424,2023-08-17,B,BARRANQUILLA,415
525,51208934,2022-11-18,C,BOGOTA,493
526,31650278,2025-10-21,VIP,BARRANQUILLA,389
527,93050481,2023-06-02,PREMIUM ,BOGOTÁ,442
528,52664041,2022-07-02,PREMIUM,BOGOTA,727
529,70344167,2024-05-26,PREMIUM ,BOGOTÁ,616
530,11443717,2024-01-08,C,BOGOTÁ,308
531,98997222,2022-03-13,VIP,MEDELLÍN,522
532,85530792,2024-03-06,B,BOGOTA,669
533,52307399,2023-02-08,PREMIUM ,BARRANQUILLA,617
534,89491182,2025-02-02,A,BOGOTA,550
535,85655174,2023-02-08,A,BARRANQUILLA,758
536,80189955,2022-06-23,VIP,MEDELLÍN,689
537,21091989,2023-09-09,PREMIUM,BOGOTÁ,709
538,89790594,2023-12-04,VIP,MEDELLÍN,426
539,43283771,2023-06-25,PREMIUM,BOGOTA,313
540,36098641,2025-11-25,PREMIUM,BOGOTA,311
541,24150540,2022-07-06,PREMIUM ,BOGOTÁ,836
542,11992825,2024-02-01,C,BOGOTA,446
543,46286070,2024-03-27,C,BOGOTA,608
544,63307679,2023-08-21,C,CALI,606
545,51681557,2022-05-16,PREMIUM,CALI,848
546,58226615,2023-08-11,PREMIUM ,BOGOTÁ,358
547,61721929,2024-12-02,VIP,BOGOTA,334
548,51654364,2025-03-04,PREMIUM ,CALI,506
549,87066032,2023-07-09,C,BOGOTÁ,458
550,20717207,2023-12-08,C,BARRANQUILLA,703
551,19384451,2022-04-16,B,MEDELLÍN,663
552,91173011,2023-07-19,VIP,BOGOTÁ,451
553,79472863,2022-08-26,VIP,BOGOTA,719
554,37950196,2024-07-22,VIP,MEDELLÍN,811
555,27066318,2023-08-03,PREMIUM,CALI,717
556,76447109,2024-01-27,PREMIUM ,MEDELLÍN,594
557,21186361J,2024-05-24,B,BARRANQUILLA,545
558,47998210,2024-09-08,PREMIUM,BARRANQUILLA,536
559,38175911,2023-08-24,C,CALI,320
560,83195232,2025-11-12,PREMIUM ,BOGOTÁ,819
561,21950831,2022-07-09,VIP,BOGOTÁ,777
562,90716715,2025-03-23,B,BARRANQUILLA,825
563,64181889,2025-05-03,A,BARRANQUILLA,674
564,55677380,2025-02-04,VIP,CALI,617
565,43523310,2023-02-08,VIP,BOGOTA,1130
566,16491878,2023-09-13,C,BARRANQUILLA,444
567,12844664,2025-12-16,PREMIUM,MEDELLÍN,327
568,71144226,2025-06-04,B,BOGOTÁ,528
569,64503422,2022-03-05,VIP,CALI,748
570,31320139,2022-04-03,C,CALI,1186
571,47407753,2024-07-08,B,BOGOTA,569
572,94928457,2022-08-19,PREMIUM ,BARRANQUILLA,660
573,61255428,2023-06-24,VIP,BOGOTÁ,575
574,92795008,2024-07-24,C,MEDELLÍN,612
575,76575221Y,2023-01-02,PREMIUM ,CALI,583
576,60629738,2025-09-08,VIP,BOGOTA,503
577,12320688P,2025-09-17,B,BOGOTÁ,796
578,97901550,2023-07-09,B,BARRANQUILLA,550
579,22617619,2023-06-27,VIP,CALI,633
580,63175588,2025-05-14,C,CALI,319
581,44761500,2025-10-24,B,BARRANQUILLA,300
582,35560098,2024-10-23,VIP,CALI,497
583,25702852,2023-05-18,PREMIUM,BOGOTA,460
584,54336333,2024-10-18,PREMIUM ,MEDELLÍN,311
585,86794548,2022-09-29,PREMIUM ,BOGOTÁ,541
586,31217066,2025-07-18,C,BOGOTÁ,425
587,70644657,2023-03-25,PREMIUM ,BOGOTA,484
588,84044638,2024-10-13,VIP,MEDELLÍN,483
589,96314161,2022-07-13,PREMIUM,BOGOTÁ,727
590,72926675,2025-02-01,PREMIUM,BOGOTÁ,450
591,43134205,2022-06-01,A,BARRANQUILLA,607
592,19963441,2023-04-25,VIP,BOGOTÁ,674
593,14990961,2025-10-14,C,BOGOTÁ,640
594,61880950Q,2022-05-10,VIP,MEDELLÍN,651
595,99763925,2022-10-22,C,BOGOTÁ,474
596,52439798,2024-12-20,A,BARRANQUILLA,517
597,85230621A,2022-12-09,B,BOGOTÁ,413
598,88929433,2024-02-07,PREMIUM,CALI,602
599,89540080,2023-11-29,PREMIUM ,BARRANQUILLA,644
600,63376963,2022-12-07,VIP,BOGOTA,300
601,24497054,2022-07-03,A,MEDELLÍN,352
602,73072616,2023-05-17,B,BOGOTÁ,519
603,58120511,2023-02-03,PREMIUM ,BOGOTÁ,460
604,20427148,2024-10-19,VIP,BOGOTA,458
605,75969098,2022-04-17,B,MEDELLÍN,623
606,75244261,2026-02-01,B,BOGOTÁ,793
607,62764241,2023-05-26,VIP,BARRANQUILLA,696
608,30167958,2022-06-06,A,MEDELLÍN,664
609,12887296,2023-11-21,A,BARRANQUILLA,643
610,34733272,2023-02-16,A,MEDELLÍN,364
611,79070841,2023-08-18,B,BOGOTA,442
612,33277458,2022-03-12,A,MEDELLÍN,772
613,90720176,2025-05-05,PREMIUM ,BOGOTÁ,796
614,46591531,2022-08-09,PREMIUM ,BOGOTÁ,401
615,51655138,2025-11-27,B,BOGOTÁ,302
616,94111129,2023-11-27,C,BOGOTÁ,627
617,24677441,2024-06-01,VIP,MEDELLÍN,753
618,15438684,2024-04-26,PREMIUM,BOGOTÁ,453
619,32315019,2025-04-22,VIP,BARRANQUILLA,432
620,85902244,2023-12-30,PREMIUM,BARRANQUILLA,599
621,93173418,2022-06-11,PREMIUM ,BOGOTA,642
622,87411194,2023-05-22,C,BOGOTÁ,726
623,52491924,2024-06-11,A,BOGOTA,706
624,42482294,2023-01-06,VIP,MEDELLÍN,635
625,83701774,2025-04-02,C,BOGOTÁ,350
626,54810380,2023-12-26,C,BOGOTÁ,769
627,42945953,2023-07-02,A,CALI,633
628,39105135,2024-10-14,A,BOGOTÁ,672
629,14338843,2022-12-10,VIP,BOGOTÁ,590
630,81226787,2024-07-11,PREMIUM ,CALI,301
631,41349379,2022-05-23,B,MEDELLÍN,389
632,77284075,2023-08-26,PREMIUM ,BARRANQUILLA,338
633,70251070,2022-09-04,VIP,MEDELLÍN,611
634,30668329,2025-04-28,C,CALI,744
635,59402807,2023-02-08,C,CALI,335
636,73546819,2022-11-12,PREMIUM,BARRANQUILLA,684
637,62237687,2024-08-10,PREMIUM,CALI,661
638,69714426,2023-09-17,PREMIUM,BOGOTÁ,440
639,65771029,2022-07-30,B,BOGOTÁ,417
640,49541461,2023-04-07,VIP,BOGOTÁ,519
641,84006537,2024-04-09,C,MEDELLÍN,677
642,95661847,2022-11-30,PREMIUM,BOGOTA,348
643,34245082,2026-01-01,C,BARRANQUILLA,592
644,66728215,2023-03-04,PREMIUM,BARRANQUILLA,830
645,75174694,2023-10-17,B,MEDELLÍN,501
646,17667857,2025-06-23,VIP,BOGOTÁ,738
647,60526894,2023-01-15,PREMIUM ,BOGOTÁ,782
648,91806561,2023-12-08,PREMIUM ,BOGOTÁ,731
649,82892046,2023-06-08,B,BOGOTÁ,718
650,90256454,2024-05-11,VIP,BARRANQUILLA,910
651,39565896,2024-09-29,VIP,BOGOTA,376
652,82045464,2025-06-02,A,BOGOTÁ,619
653,42833108,2024-05-24,A,BOGOTA,673
654,34768424,2023-05-28,C,BOGOTÁ,758
655,24578363,2022-09-27,PREMIUM,MEDELLÍN,601
656,78233769,2022-11-17,B,MEDELLÍN,587
657,82668141,2024-02-07,PREMIUM ,CALI,335
658,97144164,2025-12-09,C,BARRANQUILLA,652
659,56692999,2023-02-22,VIP,MEDELLÍN,652
660,58302504,2024-12-19,A,BOGOTÁ,816
661,74261658,2025-09-24,A,BOGOTÁ,459
662,31814501,2023-05-13,PREMIUM,BOGOTÁ,366
663,61879723,2025-12-24,A,BARRANQUILLA,680
664,98055042,2022-12-24,C,BOGOTA,641
665,24931115,2025-03-03,VIP,BOGOTÁ,508
666,48020566,2022-08-12,VIP,BOGOTA,415
667,87202069,2024-11-24,A,BOGOTÁ,741
668,91831756,2025-05-09,VIP,BOGOTÁ,776
669,30778286U,2024-06-12,B,BOGOTA,1107
670,22569021,2023-08-23,PREMIUM ,BARRANQUILLA,354
671,15311499,2023-06-16,VIP,MEDELLÍN,699
672,36356226,2025-06-28,VIP,BOGOTA,841
673,33255666,2024-05-31,B,BOGOTÁ,403
674,89157203,2025-02-21,C,BOGOTÁ,547
675,75749277,2023-02-08,A,CALI,448
676,40267797,2023-12-13,VIP,BARRANQUILLA,755
677,21654304,2024-02-13,VIP,CALI,759
678,12615804,2025-10-29,B,CALI,780
679,80379073,2025-03-16,B,BOGOTÁ,660
680,21045633,2023-11-08,PREMIUM ,BOGOTA,748
681,51672086,2022-01-22,A,BOGOTÁ,495
682,77342646,2022-03-10,PREMIUM ,BOGOTÁ,561
683,31586325,2025-03-15,C,BOGOTÁ,442
684,27503547,2025-06-21,PREMIUM,CALI,400
685,14952075,2024-08-08,A,MEDELLÍN,538
686,46432549,2022-11-26,VIP,BARRANQUILLA,728
687,22774615,2025-10-09,VIP,BOGOTÁ,761
688,79913666,2023-07-18,PREMIUM ,BARRANQUILLA,306
689,36779149A,2025-01-17,A,BOGOTÁ,372
690,84193473,2023-08-04,B,BOGOTA,429
691,20091985,2025-05-30,B,MEDELLÍN,505
692,52866200,2023-11-21,B,BOGOTÁ,552
693,15272864,2025-11-17,C,BARRANQUILLA,463
694,88649101,2025-03-21,B,BOGOTÁ,409
695,73607605,2025-02-04,B,BARRANQUILLA,537
696,31609907,2023-09-02,PREMIUM,CALI,782
697,53193996,2024-10-26,PREMIUM ,CALI,416
698,34362375,2023-02-13,PREMIUM ,BOGOTÁ,836
699,85013292,2025-10-15,C,BOGOTA,311
700,12322523,2023-10-28,C,MEDELLÍN,842
701,14746771,2025-01-26,C,BOGOTÁ,746
702,11428127,2025-06-11,VIP,MEDELLÍN,342
703,47809281,2024-04-28,PREMIUM ,BARRANQUILLA,359
704,59223966,2022-01-21,B,BOGOTA,816
705,28392993,2024-05-19,PREMIUM ,BOGOTA,644
706,78082045U,2023-03-08,VIP,MEDELLÍN,552
707,79170638,2023-06-13,VIP,BOGOTÁ,756
708,97746642,2025-09-24,PREMIUM,BOGOTÁ,398
709,16210715,2023-09-21,B,CALI,489
710,30020303,2024-01-18,PREMIUM ,BARRANQUILLA,699
711,50467715,2022-05-09,PREMIUM,BOGOTA,400
712,18815995,2023-11-23,PREMIUM ,BOGOTÁ,520
713,28321829,2023-03-01,C,BOGOTÁ,530
714,56573028,2024-09-19,VIP,BOGOTÁ,782
715,43843291,2024-11-22,VIP,CALI,825
716,73842020,2022-11-01,VIP,BOGOTÁ,809
717,52537345,2025-06-19,PREMIUM ,CALI,704
718,49031525,2022-03-06,A,BOGOTÁ,770
719,57246348,2025-06-23,VIP,BOGOTA,512
720,28463212,2025-03-19,PREMIUM,CALI,512
721,19091044,2024-04-19,VIP,BOGOTÁ,472
722,92051235,2023-06-01,A,BARRANQUILLA,764
723,78080112,2024-03-19,A,BOGOTÁ,694
724,12607411,2024-06-01,C,CALI,482
725,93713817,2024-08-23,VIP,BARRANQUILLA,809
726,62295219,2022-02-21,VIP,BOGOTÁ,526
727,77925916,2024-08-15,A,BOGOTÁ,721
728,26177172,2024-06-05,VIP,BOGOTÁ,696
729,86599400,2026-02-03,VIP,MEDELLÍN,491
730,20488951,2024-12-22,C,BOGOTA,692
731,12726016,2024-07-28,PREMIUM ,BARRANQUILLA,429
732,69772463,2023-01-26,VIP,BARRANQUILLA,328
733,40822201,2023-12-24,B,BARRANQUILLA,531
734,64254875,2023-07-21,VIP,MEDELLÍN,499
735,96687822,2024-11-10,PREMIUM ,BOGOTÁ,472
736,61296836,2023-07-26,VIP,MEDELLÍN,715
737,62492736,2025-11-11,A,CALI,386
738,81214087,2025-11-25,VIP,CALI,499
739,21963776,2025-01-08,VIP,BOGOTÁ,734
740,59896930,2025-09-25,VIP,MEDELLÍN,316
741,90566548,2025-02-19,C,BOGOTA,531
742,35568906,2025-01-17,C,BOGOTÁ,735
743,30681938,2024-10-09,C,BOGOTÁ,690
744,57637042,2024-12-05,VIP,MEDELLÍN,790
745,29952900,2022-05-16,PREMIUM,BOGOTÁ,649
746,36683911,2025-10-05,B,BOGOTA,619
747,99957925,2022-09-25,B,CALI,667
748,70966110,2023-08-14,PREMIUM ,CALI,659
749,41099208,2023-07-20,B,BARRANQUILLA,762
750,54786626,2023-11-07,PREMIUM,BARRANQUILLA,681
751,39009512,2025-07-18,PREMIUM ,BARRANQUILLA,468
752,50824950,2024-01-15,A,MEDELLÍN,489
753,51727753,2024-05-09,VIP,CALI,448
754,33992154,2024-01-12,VIP,BARRANQUILLA,787
755,44924917,2025-03-06,A,CALI,459
756,99198479,2022-07-19,C,BOGOTA,587
757,10981883,2024-09-15,VIP,BARRANQUILLA,525
758,63625353,2023-07-30,A,BOGOTÁ,572
759,30536721,2024-10-20,C,BOGOTÁ,482
760,90925517,2023-06-11,PREMIUM ,BOGOTÁ,423
761,41927921,2022-11-12,PREMIUM ,MEDELLÍN,713
762,52822943,2024-04-05,VIP,CALI,734
763,64610032,2022-09-23,PREMIUM,MEDELLÍN,421
764,85677302,2024-10-11,PREMIUM ,MEDELLÍN,338
765,46213515,2023-07-23,VIP,CALI,532
766,19625105,2022-04-01,VIP,CALI,448
767,19935869,2022-05-08,PREMIUM ,BOGOTA,601
768,42469247,2022-05-23,A,MEDELLÍN,534
769,45674971,2024-01-12,A,CALI,765
770,38899868,2024-11-14,PREMIUM ,MEDELLÍN,512
771,32700314,2022-03-22,PREMIUM ,MEDELLÍN,762
772,70350924,2024-12-26,PREMIUM,MEDELLÍN,577
773,45908279,2024-03-19,PREMIUM,BARRANQUILLA,814
774,62315765,2026-01-28,PREMIUM ,BOGOTÁ,318
775,15949852,2025-11-04,VIP,CALI,329
776,58495982,2022-12-26,VIP,BOGOTÁ,580
777,26413806,2025-02-23,A,BOGOTÁ,435
778,50078991,2022-08-15,VIP,CALI,428
779,37705858,2023-01-19,PREMIUM,MEDELLÍN,748
780,37719138,2023-09-30,PREMIUM,CALI,523
781,15627745,2024-11-04,VIP,BOGOTA,790
782,71509503,2025-07-04,PREMIUM ,CALI,601
783,12253722,2023-07-29,A,BOGOTÁ,365
784,11116271,2022-04-05,A,BOGOTÁ,312
785,32461013,2024-06-28,PREMIUM,BOGOTÁ,533
786,27443381,2025-07-26,VIP,MEDELLÍN,311
787,57380429,2022-03-11,PREMIUM ,CALI,313
788,47264820,2023-04-13,A,CALI,676
789,71983306,2022-10-04,A,BARRANQUILLA,369
790,54564078,2022-12-22,PREMIUM ,MEDELLÍN,680
791,24263315,2023-05-13,A,BOGOTÁ,835
792,65073945,2023-11-21,VIP,MEDELLÍN,768
793,44867175,2025-08-02,A,BOGOTÁ,704
794,55677485,2023-03-07,PREMIUM ,BARRANQUILLA,487
795,64432684,2025-05-23,B,BARRANQUILLA,319
796,62496899,2024-09-12,A,CALI,520
797,29992066,2024-03-24,PREMIUM,MEDELLÍN,635
798,76329075,2025-09-11,A,BOGOTA,835
799,34133277,2022-10-27,B,BARRANQUILLA,458
800,63899323,2025-07-24,VIP,MEDELLÍN,618
801,43997463,2023-02-16,PREMIUM,MEDELLÍN,408
802,25663645,2023-05-29,PREMIUM ,BOGOTÁ,613
803,41632286,2024-12-15,PREMIUM,CALI,318
804,77399862,2022-11-01,VIP,BOGOTÁ,412
805,83476576,2023-11-12,VIP,BOGOTA,445
806,17997043,2024-01-19,A,BOGOTÁ,412
807,96401499,2023-06-25,VIP,BOGOTA,602
808,73848248,2025-09-12,VIP,BOGOTÁ,417
809,74416144,2022-08-16,B,BARRANQUILLA,497
810,28904815,2025-01-17,VIP,BOGOTA,346
811,25697605,2025-10-19,A,CALI,377
812,47937226,2024-06-28,PREMIUM ,BOGOTA,436
813,76298692,2024-10-08,B,BARRANQUILLA,804
814,89394364,2026-01-01,A,BOGOTA,437
815,48844162,2024-03-12,A,BOGOTÁ,553
816,87647696,2024-08-22,C,BOGOTÁ,725
817,39168537,2026-01-02,PREMIUM,BOGOTÁ,648
818,98849481,2025-03-01,VIP,BOGOTA,560
819,46421189,2024-05-23,A,BOGOTA,559
820,49467750,2023-05-17,B,BOGOTA,594
821,23487010,2024-06-18,PREMIUM ,BOGOTÁ,612
822,76627397,2024-04-05,VIP,BARRANQUILLA,481
823,80760251,2025-08-16,A,MEDELLÍN,663
824,15905950,2024-02-26,PREMIUM,BOGOTA,847
825,37736989,2023-09-28,VIP,BOGOTÁ,707
826,67315945,2022-05-26,VIP,MEDELLÍN,713
827,60275547,2022-09-25,C,BOGOTA,462
828,35239821,2022-11-02,C,MEDELLÍN,699
829,62569705,2024-07-18,PREMIUM ,CALI,504
830,22310059,2024-07-04,A,CALI,527
831,10805113,2025-08-08,A,CALI,740
832,21551409,2023-02-22,A,BARRANQUILLA,818
833,87456782,2022-12-06,PREMIUM,BOGOTA,502
834,22834263,2022-03-03,PREMIUM ,BOGOTÁ,498
835,76006681,2023-09-08,A,MEDELLÍN,791
836,61844408,2023-02-10,PREMIUM ,BOGOTÁ,920
837,95749316,2023-06-12,PREMIUM,MEDELLÍN,430
838,23981528,2024-12-02,A,BOGOTA,683
839,97384488,2022-11-06,VIP,BARRANQUILLA,460
840,15403252,2023-05-10,VIP,CALI,789
841,39489478,2024-07-07,C,BOGOTÁ,588
842,60538135,2026-01-23,B,MEDELLÍN,653
843,27456057,2024-12-24,PREMIUM,BOGOTÁ,342
844,97338581,2024-09-09,PREMIUM ,CALI,476
845,92249313,2025-08-06,A,CALI,793
846,23609569,2026-01-29,C,BOGOTÁ,816
847,36737775,2023-02-26,VIP,BARRANQUILLA,356
848,26374601,2022-12-10,VIP,BOGOTA,397
849,33689071,2024-05-24,A,BARRANQUILLA,734
850,70910677I,2022-07-13,PREMIUM ,BOGOTÁ,643
851,62499002,2024-08-08,A,BOGOTÁ,542
852,69544511,2025-01-25,C,BOGOTÁ,331
853,46319763,2025-02-02,PREMIUM,BARRANQUILLA,453
854,46185155,2025-02-09,B,BOGOTÁ,513
855,15384935,2025-12-03,B,BOGOTA,512
856,29678933,2023-05-26,PREMIUM,BOGOTÁ,680
857,79748793,2023-09-23,B,BOGOTÁ,325
858,21616152,2023-03-20,VIP,BOGOTÁ,553
859,42005216,2024-01-08,B,CALI,526
860,12276787,2022-11-06,PREMIUM ,BARRANQUILLA,678
861,25342276,2024-01-03,C,BARRANQUILLA,606
862,79863927,2026-02-12,B,MEDELLÍN,567
863,35288599,2024-11-01,B,BOGOTÁ,807
864,42134440,2024-10-23,PREMIUM,BOGOTÁ,463
865,51156180,2024-08-02,B,BARRANQUILLA,371
866,85912072,2023-01-19,A,BOGOTÁ,537
867,96717649,2022-02-03,PREMIUM ,BOGOTÁ,767
868,61588363,2024-01-07,PREMIUM ,CALI,685
869,94710223,2023-09-27,C,BARRANQUILLA,686
870,64134634,2024-10-22,C,MEDELLÍN,339
871,77480480Z,2022-12-25,VIP,BOGOTÁ,519
872,19163766,2024-06-17,A,MEDELLÍN,819
873,69636639,2023-06-06,PREMIUM ,MEDELLÍN,559
874,66366866,2024-05-12,C,BOGOTÁ,843
875,32362925,2022-12-25,VIP,BOGOTA,315
876,59439294,2023-05-14,A,BOGOTÁ,408
877,60122260,2022-11-22,PREMIUM ,MEDELLÍN,568
878,51682179,2025-06-18,PREMIUM ,CALI,401
879,30729471,2025-10-12,A,MEDELLÍN,836
880,12592536,2023-05-05,VIP,BARRANQUILLA,681
881,64745732,2024-03-21,PREMIUM,MEDELLÍN,526
882,71963740,2022-04-26,C,CALI,564
883,61359205,2024-05-15,VIP,BOGOTA,733
884,51156155,2022-04-03,PREMIUM,BARRANQUILLA,676
885,49242670,2024-11-20,A,CALI,663
886,70336852,2023-06-14,VIP,BOGOTA,525
887,77642498,2023-06-10,VIP,BOGOTÁ,775
888,92434203,2025-08-14,C,BARRANQUILLA,517
889,11406368,2026-01-10,VIP,BOGOTA,845
890,99856306,2022-06-23,A,CALI,637
891,96017098,2023-09-08,PREMIUM ,CALI,1075
892,47043861,2023-11-06,VIP,CALI,572
893,20897034,2024-02-27,B,BOGOTÁ,588
894,98238972,2023-02-26,VIP,BOGOTÁ,571
895,20392034,2025-09-17,B,BOGOTA,547
896,90021414,2025-08-03,C,MEDELLÍN,753
897,46204667,2023-06-28,PREMIUM ,BOGOTÁ,300
898,53683574,2024-09-22,A,BOGOTÁ,490
899,64351768,2022-10-24,VIP,MEDELLÍN,442
900,35793044,2022-06-24,PREMIUM ,BARRANQUILLA,526
901,18831924,2024-11-17,A,BOGOTÁ,601
902,70186000,2023-10-29,A,BOGOTA,692
903,54181713,2024-05-15,VIP,MEDELLÍN,414
904,72201082,2025-01-09,B,CALI,518
905,65109050,2023-09-16,VIP,MEDELLÍN,653
906,29339821,2025-10-01,PREMIUM ,CALI,849
907,99393763,2023-11-03,VIP,BARRANQUILLA,800
908,26530109,2024-07-04,C,MEDELLÍN,846
909,87309808,2024-12-23,PREMIUM,BOGOTÁ,580
910,60794649,2023-07-19,B,BOGOTÁ,382
911,68149762,2022-08-01,VIP,CALI,725
912,87337555,2022-06-10,B,BARRANQUILLA,472
913,44020414,2024-01-19,B,MEDELLÍN,372
914,23907579,2024-05-28,VIP,BARRANQUILLA,674
915,11164795,2023-01-03,VIP,BOGOTÁ,697
916,79518245,2024-04-15,PREMIUM ,BOGOTA,736
917,21959207,2025-05-10,PREMIUM,MEDELLÍN,764
918,73881480,2024-04-18,C,CALI,619
919,10077175,2022-10-12,A,BOGOTÁ,388
920,60426676,2025-07-13,C,BARRANQUILLA,633
921,31725224N,2023-06-08,A,CALI,367
922,46566791,2022-12-27,A,BOGOTÁ,813
923,15051646,2024-10-31,B,BARRANQUILLA,315
924,67244528,2025-05-28,VIP,BARRANQUILLA,731
925,97217186,2022-01-19,PREMIUM ,BOGOTA,793
926,21059860,2022-07-03,B,BARRANQUILLA,624
927,91061139,2022-02-12,C,BOGOTÁ,500
928,15994376,2023-03-29,A,CALI,623
929,82098768,2024-02-23,VIP,BOGOTÁ,781
930,88703071,2023-04-25,A,CALI,364
931,84931500,2022-02-26,PREMIUM,BOGOTÁ,642
932,94641191P,2024-12-09,PREMIUM,MEDELLÍN,631
933,63789198,2023-11-23,B,BARRANQUILLA,325
934,35254492,2025-07-03,VIP,BOGOTA,705
935,55562388,2024-10-03,B,BOGOTÁ,849
936,74999068K,2025-10-11,PREMIUM,MEDELLÍN,478
937,96656822,2024-01-10,A,CALI,927
938,50850837,2024-07-21,PREMIUM,MEDELLÍN,375
939,64441451,2022-11-22,VIP,CALI,493
940,27811802,2023-02-05,A,CALI,660
941,13100581,2025-07-21,VIP,CALI,561
942,28861720,2024-02-21,B,CALI,561
943,14854042,2022-04-18,PREMIUM,BOGOTÁ,766
944,13830121,2024-12-06,B,CALI,748
945,90947292,2025-10-01,VIP,BOGOTÁ,723
946,83143586,2024-02-02,PREMIUM ,BOGOTA,731
947,33787347,2022-07-05,B,BOGOTA,348
948,88369648,2022-12-18,VIP,BARRANQUILLA,489
949,33499306,2023-09-12,PREMIUM,BOGOTA,703
950,25711072,2024-03-18,A,BARRANQUILLA,640
951,64407485,2025-02-03,VIP,BOGOTA,662
952,27962327,2023-11-26,VIP,BOGOTA,848
953,34509968,2023-03-23,PREMIUM,MEDELLÍN,482
954,92335423,2023-08-28,B,MEDELLÍN,793
955,37870540,2026-02-19,VIP,BARRANQUILLA,426
956,73876263,2022-06-05,B,BOGOTA,318
957,41175239,2023-07-09,PREMIUM ,BOGOTÁ,755
958,45103852,2024-12-02,VIP,CALI,567
959,76475936,2024-06-28,PREMIUM ,BOGOTÁ,600
960,85421798,2022-02-04,VIP,BARRANQUILLA,549
961,16722055,2023-10-15,VIP,BOGOTA,452
962,19035949,2023-05-22,A,BOGOTÁ,642
963,83390510,2023-06-06,C,BOGOTA,623
964,92054816,2024-07-06,C,BARRANQUILLA,719
965,21044590,2023-07-30,PREMIUM,BOGOTÁ,711
966,15059667,2025-03-25,VIP,BOGOTA,412
967,85935097,2023-07-07,PREMIUM,CALI,340
968,88039489,2023-08-25,PREMIUM,CALI,565
969,57657169,2022-04-21,PREMIUM ,CALI,1100
970,76994946,2024-11-23,PREMIUM ,BOGOTÁ,383
971,26938661,2022-05-18,B,MEDELLÍN,686
972,83603367,2023-02-11,PREMIUM ,CALI,557
973,41707048,2024-12-28,VIP,BOGOTÁ,567
974,58761066,2023-06-10,PREMIUM ,BARRANQUILLA,610
975,26684388,2024-07-26,PREMIUM ,CALI,512
976,54768534,2022-07-13,B,BOGOTÁ,707
977,17964443,2022-02-19,B,BOGOTA,576
978,44751594,2022-02-28,B,MEDELLÍN,998
979,58465992,2022-10-27,PREMIUM,BOGOTÁ,329
980,42337259,2025-08-09,C,CALI,750
981,69323547,2023-10-27,VIP,BOGOTÁ,471
982,50162344,2026-01-28,PREMIUM,BOGOTA,362
983,37345255,2024-08-09,PREMIUM,BOGOTA,374
984,62869791,2022-04-18,PREMIUM ,CALI,417
985,13887008,2024-12-07,C,BOGOTÁ,589
986,50279707,2022-10-19,VIP,MEDELLÍN,306
987,68104228,2024-08-10,VIP,MEDELLÍN,492
988,84042569,2023-08-21,A,BOGOTÁ,743
989,61120091I,2022-03-02,VIP,BOGOTÁ,718
990,56705646,2022-01-13,C,BOGOTÁ,778
991,24512253,2023-11-26,PREMIUM,BARRANQUILLA,694
992,42254832,2022-04-06,B,BARRANQUILLA,624
993,99523105,2022-10-11,VIP,BARRANQUILLA,739
994,80873920,2022-02-23,VIP,CALI,1012
995,82325956,2022-05-24,C,CALI,675
996,33429562,2024-08-12,C,CALI,374
997,49542531,2022-02-27,C,BOGOTÁ,454
998,93267946,2022-09-11,C,MEDELLÍN,747
999,97764530,2025-10-18,A,BOGOTA,561
1000,92039028,2024-10-23,B,BOGOTÁ,841
1001,89108265F,2023-03-29,C,BARRANQUILLA,423
1002,67568342,2025-02-16,VIP,BOGOTÁ,500
1003,40732364,2024-12-16,C,BOGOTÁ,358
1004,72199283,2023-05-19,VIP,BARRANQUILLA,408
1005,53626563,2022-11-19,VIP,CALI,368
1006,49206376,2024-04-17,VIP,MEDELLÍN,604
1007,61913068,2025-03-14,VIP,CALI,678
1008,22633010,2022-03-13,B,BOGOTÁ,653
1009,40596658,2025-03-16,B,CALI,796
1010,96963179,2025-04-26,PREMIUM,CALI,832
1011,88119050,2023-11-07,PREMIUM,BOGOTÁ,658
1012,25148530,2022-07-27,VIP,BOGOTA,684
1013,38105186,2023-10-08,B,BOGOTA,410
1014,96534282,2024-09-29,VIP,CALI,734
1015,77980386,2022-10-01,B,MEDELLÍN,403
1016,39538040,2023-05-28,VIP,BARRANQUILLA,464
1017,96490964,2022-07-23,B,BOGOTÁ,819
1018,47829124,2025-12-18,B,CALI,463
1019,23763700,2022-12-14,C,MEDELLÍN,1072
1020,38911861,2024-11-01,PREMIUM ,MEDELLÍN,694
1021,65665616,2023-04-13,A,MEDELLÍN,483
1022,18978989,2023-09-21,PREMIUM,BARRANQUILLA,823
1023,65415449,2024-06-10,A,BOGOTA,603
1024,72953195,2023-01-21,A,CALI,527
1025,77530144,2025-01-09,A,BOGOTÁ,515
1026,59566094U,2022-01-23,VIP,CALI,798
1027,93548084,2024-06-26,VIP,BOGOTA,381
1028,74505778,2025-09-10,A,CALI,664
1029,65725103,2022-06-08,VIP,BOGOTA,810
1030,53860083,2023-09-23,VIP,MEDELLÍN,636
1031,83808608,2022-06-14,C,MEDELLÍN,446
1032,56467514,2023-07-23,PREMIUM ,BARRANQUILLA,312
1033,16839789O,2024-03-02,B,MEDELLÍN,586
1034,64101105,2026-01-29,B,BOGOTÁ,779
1035,10953692,2025-10-17,A,BARRANQUILLA,619
1036,93624212,2025-08-10,VIP,BOGOTA,503
1037,99796264D,2024-03-26,VIP,BOGOTÁ,846
1038,95676088H,2022-11-21,PREMIUM,BOGOTÁ,602
1039,66483185,2023-12-19,B,MEDELLÍN,563
1040,78587632,2022-06-10,C,BARRANQUILLA,787
1041,19953821,2022-07-15,C,BOGOTA,364
1042,43957412,2023-08-24,PREMIUM ,BOGOTÁ,300
1043,86666404,2024-05-13,C,BOGOTÁ,440
1044,91272708,2022-12-26,VIP,MEDELLÍN,487
1045,79217406,2024-08-22,B,CALI,556
1046,95272769,2022-08-11,A,BOGOTA,403
1047,28895649,2022-08-16,PREMIUM,CALI,683
1048,13678621,2022-05-13,A,BOGOTÁ,974
1049,86795463,2022-07-17,B,BOGOTÁ,487
1050,36150956,2022-12-31,VIP,BOGOTÁ,382
1051,88665231,2023-07-30,PREMIUM,CALI,365
1052,92384528,2025-09-11,PREMIUM ,MEDELLÍN,674
1053,66975081,2022-05-10,C,BOGOTÁ,679
1054,91501371,2024-11-27,A,BOGOTÁ,621
1055,55545655I,2024-09-30,B,CALI,410
1056,94399393,2022-02-06,VIP,CALI,594
1057,58383190,2024-02-18,PREMIUM ,CALI,326
1058,99152742,2023-08-22,PREMIUM,CALI,620
1059,76469096,2024-01-01,PREMIUM,BARRANQUILLA,736
1060,51846292,2023-03-11,A,MEDELLÍN,702
1061,52397458,2022-07-26,PREMIUM ,MEDELLÍN,612
1062,11472542,2025-08-21,PREMIUM,BOGOTA,636
1063,23245462,2022-02-11,PREMIUM,CALI,843
1064,80638665,2022-02-01,PREMIUM ,BOGOTÁ,309
1065,49839283,2023-04-19,PREMIUM,BOGOTÁ,459
1066,78304749,2025-01-08,A,CALI,352
1067,47452622,2024-03-19,PREMIUM ,BOGOTÁ,929
1068,86776652,2022-01-17,VIP,BOGOTA,358
1069,18182535,2023-04-21,PREMIUM ,CALI,765
1070,20196894,2023-10-24,VIP,BOGOTÁ,589
1071,58439031,2023-02-17,PREMIUM,CALI,653
1072,31847630,2023-06-05,B,BOGOTA,740
1073,16612208,2023-01-27,A,BOGOTÁ,453
1074,93650853,2022-05-25,PREMIUM,BARRANQUILLA,508
1075,99191511,2025-04-01,PREMIUM,CALI,689
1076,22663723,2024-04-23,A,BOGOTA,456
1077,44971274,2024-12-19,PREMIUM,MEDELLÍN,436
1078,49982531,2023-02-09,VIP,BARRANQUILLA,440
1079,25861936,2024-06-06,C,BOGOTÁ,497
1080,91132210,2025-01-15,A,BOGOTÁ,720
1081,57423958,2023-08-06,VIP,BOGOTÁ,517
1082,43122266,2026-01-28,VIP,BOGOTÁ,474
1083,28173652,2023-04-20,B,BOGOTÁ,534
1084,57406955,2022-02-05,C,BOGOTÁ,822
1085,74598446,2023-06-17,C,BOGOTA,832
1086,50113874,2023-12-03,VIP,BOGOTÁ,592
1087,57494032,2022-07-03,A,BOGOTÁ,400
1088,53465574,2023-05-03,PREMIUM ,BOGOTÁ,839
1089,40999906,2025-07-08,VIP,CALI,602
1090,22374888,2023-04-20,B,BARRANQUILLA,754
1091,54042449,2023-01-23,VIP,BARRANQUILLA,696
1092,38338206,2024-05-12,B,BOGOTÁ,827
1093,14739400,2022-01-29,PREMIUM,MEDELLÍN,465
1094,60450229,2024-06-09,PREMIUM,BOGOTÁ,399
1095,27278806,2025-09-11,VIP,BOGOTÁ,472
1096,94758408,2025-05-22,VIP,BOGOTA,562
1097,88797826,2025-03-31,PREMIUM,BOGOTÁ,327
1098,95180395,2024-08-29,PREMIUM,BOGOTA,448
1099,60316725,2025-03-01,B,BOGOTÁ,364
1100,36455291,2025-07-08,B,BOGOTÁ,534
1101,55598220,2026-01-02,C,BOGOTA,612
1102,86288117,2024-08-04,VIP,BOGOTÁ,353
1103,85559979,2024-08-11,C,CALI,352
1104,27583780,2023-10-06,PREMIUM,BOGOTA,401
1105,58730509,2024-04-16,C,BOGOTÁ,437
1106,84948994,2024-06-16,VIP,BOGOTA,410
1107,15934261,2024-08-28,VIP,BOGOTÁ,835
1108,21368856,2022-10-27,VIP,MEDELLÍN,677
1109,62866880,2022-11-28,B,BOGOTA,418
1110,84099471,2025-11-08,VIP,BOGOTÁ,764
1111,37995739,2025-08-29,VIP,BOGOTA,801
1112,76927749,2024-04-26,VIP,BOGOTÁ,690
1113,97087158,2024-01-26,PREMIUM ,BARRANQUILLA,818
1114,82412984,2024-03-02,A,BARRANQUILLA,311
1115,89673898,2024-10-24,B,CALI,672
1116,83581516,2024-06-07,C,BOGOTÁ,527
1117,93022130,2025-09-13,VIP,CALI,756
1118,84144519,2023-06-13,C,BARRANQUILLA,524
1119,52495479,2023-03-19,VIP,BOGOTA,755
1120,23721794,2025-09-16,VIP,BARRANQUILLA,788
1121,50981729,2022-10-10,PREMIUM ,BOGOTÁ,711
1122,31731798,2024-09-22,PREMIUM,BARRANQUILLA,517
1123,97144025,2025-01-23,VIP,CALI,403
1124,97655030,2022-06-06,VIP,CALI,733
1125,66285723,2025-07-02,PREMIUM ,BARRANQUILLA,577
1126,85081232,2022-10-16,VIP,BOGOTÁ,389
1127,77873129,2026-01-25,VIP,BOGOTÁ,740
1128,24793752,2024-10-01,B,CALI,693
1129,77853612,2025-05-29,A,MEDELLÍN,638
1130,65419340,2022-05-08,A,BARRANQUILLA,755
1131,10734275R,2024-10-17,B,MEDELLÍN,711
1132,16194224,2025-07-19,C,BARRANQUILLA,401
1133,36762677,2024-10-19,B,CALI,458
1134,20736301,2023-12-19,VIP,BOGOTA,541
1135,43679364,2024-11-18,PREMIUM ,BOGOTA,660
1136,67182455,2026-02-05,VIP,CALI,721
1137,55173471,2025-05-19,VIP,BOGOTÁ,421
1138,69009476,2022-07-13,VIP,BOGOTA,689
1139,56619069,2024-03-08,B,BOGOTÁ,509
1140,64331101,2023-06-06,B,BOGOTA,302
1141,96808069,2024-09-18,PREMIUM ,BOGOTÁ,392
1142,90440554Q,2025-03-26,B,BOGOTÁ,460
1143,61079500,2023-10-11,A,BOGOTÁ,349
1144,22299755,2024-07-20,PREMIUM ,BOGOTÁ,571
1145,69828066,2024-08-09,C,BOGOTÁ,551
1146,11821367,2024-12-01,C,BOGOTA,389
1147,40235640,2022-12-15,A,CALI,631
1148,66424721,2025-04-15,VIP,BOGOTÁ,318
1149,65961553,2022-04-08,PREMIUM ,BOGOTA,453
1150,21199747,2022-05-14,B,BOGOTÁ,424
1151,56433552,2023-10-26,VIP,BARRANQUILLA,544
1152,46755905,2024-09-18,PREMIUM ,BOGOTÁ,546
1153,33284876,2026-02-12,PREMIUM,BOGOTÁ,661
1154,67079389,2023-03-25,VIP,MEDELLÍN,726
1155,10424528T,2024-01-28,A,BOGOTÁ,486
1156,59207388,2023-03-20,VIP,BOGOTÁ,385
1157,61982472,2025-12-08,C,BARRANQUILLA,720
1158,23618723,2022-11-28,PREMIUM,CALI,811
1159,52635177R,2025-09-02,A,BOGOTÁ,554
1160,73594452,2023-10-02,VIP,BOGOTA,469
1161,28434369E,2023-07-22,VIP,BOGOTÁ,755
1162,17083610,2023-09-15,VIP,BOGOTÁ,454
1163,62141506,2026-02-10,PREMIUM,BARRANQUILLA,472
1164,42791816,2022-08-29,B,BOGOTA,737
1165,67041562,2025-10-14,PREMIUM ,BOGOTA,845
1166,68674847,2023-06-16,C,BOGOTÁ,626
1167,28317940,2024-03-04,PREMIUM ,BOGOTÁ,658
1168,37054353,2023-10-13,A,BOGOTA,415
1169,16760403,2023-02-10,A,BOGOTÁ,390
1170,11636675,2023-03-06,VIP,BOGOTÁ,413
1171,20117273,2022-08-10,VIP,CALI,703
1172,19031370,2025-11-07,PREMIUM ,BOGOTA,340
1173,52710916,2022-03-28,VIP,CALI,492
1174,15277420,2024-05-10,PREMIUM ,BOGOTA,555
1175,13541815,2024-07-12,VIP,BARRANQUILLA,398
1176,47693721,2023-01-14,VIP,BOGOTÁ,702
1177,49944891,2022-07-04,VIP,BARRANQUILLA,498
1178,48467910,2024-08-17,VIP,BOGOTÁ,453
1179,66684948,2025-10-11,A,MEDELLÍN,761
1180,55787926,2022-03-30,VIP,BOGOTÁ,383
1181,66933105,2025-07-14,VIP,BOGOTA,408
1182,32802311,2022-12-07,PREMIUM,MEDELLÍN,667
1183,10225391P,2024-11-02,VIP,BOGOTÁ,793
1184,37949891,2024-12-26,C,MEDELLÍN,570
1185,23580994,2022-07-27,PREMIUM,BARRANQUILLA,666
1186,71189402,2025-08-15,PREMIUM,BOGOTA,339
1187,44356387,2024-09-02,A,CALI,835
1188,62775939,2024-12-14,VIP,MEDELLÍN,589
1189,43692118,2022-08-28,A,BOGOTÁ,480
1190,47706355,2023-10-11,VIP,BOGOTÁ,968
1191,22312829L,2024-04-10,PREMIUM ,BOGOTA,480
1192,10049976,2024-03-22,C,BOGOTA,808
1193,89140165,2024-04-11,VIP,MEDELLÍN,656
1194,41676806,2022-06-20,PREMIUM ,BOGOTA,384
1195,60107906,2025-03-15,PREMIUM,BOGOTA,683
1196,55504302,2024-12-27,VIP,BOGOTÁ,337
1197,51634984,2025-04-20,PREMIUM ,BOGOTA,642
1198,64954685,2023-01-11,B,BARRANQUILLA,836
1199,28380186,2022-10-30,VIP,BOGOTÁ,505
1200,79185062,2024-10-04,VIP,BARRANQUILLA,827
1201,63613589,2025-04-16,PREMIUM ,BARRANQUILLA,512
1202,30462320,2023-07-28,B,BOGOTÁ,571
1203,98782879,2025-09-11,PREMIUM ,CALI,742
1204,85575549,2023-06-19,A,BOGOTÁ,820
1205,73229578,2026-02-10,VIP,BOGOTA,779
1206,66339157,2023-12-28,VIP,CALI,804
1207,43517379,2023-01-12,PREMIUM,BOGOTÁ,735
1208,31223034,2024-01-29,PREMIUM ,BOGOTÁ,401
1209,69504448,2024-08-06,B,BOGOTA,490
1210,25762512,2023-09-09,C,BARRANQUILLA,788
1211,74451671,2025-11-08,A,BOGOTA,493
1212,29262886,2023-05-02,B,BOGOTÁ,497
1213,40474646,2025-09-06,B,MEDELLÍN,677
1214,38869116,2022-03-11,PREMIUM ,BOGOTÁ,612
1215,98670888,2025-12-09,C,BOGOTÁ,776
1216,16837388,2022-05-28,PREMIUM,MEDELLÍN,561
1217,51985331,2022-05-31,PREMIUM,BOGOTÁ,544
1218,68711614,2025-08-29,VIP,MEDELLÍN,375
1219,51191606,2025-12-17,VIP,MEDELLÍN,491
1220,33698370,2023-01-23,B,BOGOTA,773
1221,31284383,2022-02-05,VIP,BOGOTÁ,427
1222,50179601U,2023-10-23,PREMIUM ,CALI,668
1223,13956778,2024-10-20,VIP,BARRANQUILLA,718
1224,79996621,2024-04-17,PREMIUM ,BARRANQUILLA,569
1225,10692924,2023-08-10,PREMIUM ,MEDELLÍN,614
1226,29877714,2025-03-18,B,BOGOTÁ,467
1227,30596928,2025-05-13,VIP,BOGOTA,752
1228,68043727,2023-05-27,B,BOGOTÁ,689
1229,90545599H,2024-05-02,VIP,BOGOTÁ,782
1230,44262607,2023-02-03,A,MEDELLÍN,757
1231,14394643,2024-11-25,A,BOGOTA,394
1232,10125355,2022-04-22,PREMIUM,BOGOTÁ,450
1233,26796693,2023-11-03,PREMIUM ,BOGOTÁ,612
1234,12009606,2025-02-10,VIP,BARRANQUILLA,505
1235,49711170,2022-10-05,A,BOGOTÁ,478
1236,86321231,2025-10-30,PREMIUM ,BARRANQUILLA,423
1237,95021707,2025-03-26,VIP,BOGOTÁ,425
1238,26869252,2025-10-03,VIP,BOGOTÁ,582
1239,69910712,2025-10-25,PREMIUM ,MEDELLÍN,368
1240,20779706,2022-06-19,VIP,BOGOTA,332
1241,95711044,2024-08-10,VIP,BOGOTÁ,749
1242,37664038,2025-05-07,A,BOGOTA,751
1243,81873676P,2025-01-25,PREMIUM ,CALI,383
1244,41276622,2025-07-20,PREMIUM,BOGOTÁ,514
1245,61899794,2024-01-22,VIP,BARRANQUILLA,427
1246,64777623,2023-11-12,VIP,BARRANQUILLA,637
1247,46426088,2025-07-17,PREMIUM ,BOGOTA,691
1248,64187581,2026-02-03,VIP,BARRANQUILLA,501
1249,50249665,2022-06-12,C,BOGOTÁ,817
1250,53840923,2024-04-10,PREMIUM ,BOGOTÁ,617
1251,92184132,2022-01-14,PREMIUM ,BOGOTÁ,381
1252,94538835,2022-10-11,VIP,BARRANQUILLA,724
1253,59573446,2024-01-04,VIP,BOGOTÁ,686
1254,82112225,2025-07-27,PREMIUM,BOGOTÁ,644
1255,34483329F,2026-01-29,PREMIUM,BOGOTA,465
1256,91354905,2022-07-12,B,CALI,738
1257,78120794,2025-07-05,PREMIUM,BARRANQUILLA,794
1258,35057299,2023-01-15,VIP,BOGOTA,447
1259,98142226,2025-02-18,B,BOGOTÁ,782
1260,84741149,2023-08-17,PREMIUM ,BOGOTÁ,1189
1261,13835598,2025-12-09,B,BOGOTÁ,582
1262,92162144,2024-08-09,VIP,MEDELLÍN,651
1263,11749736,2025-11-12,C,MEDELLÍN,742
1264,26828923,2025-01-03,A,CALI,557
1265,86586435,2024-07-05,PREMIUM,BARRANQUILLA,364
1266,62208793,2023-11-22,VIP,BOGOTÁ,565
1267,41079502,2024-04-29,C,BOGOTÁ,614
1268,16687666,2023-10-06,C,CALI,547
1269,68581601,2026-01-26,VIP,MEDELLÍN,713
1270,92630636,2022-02-08,A,CALI,583
1271,76120560,2023-02-24,VIP,BOGOTÁ,600
1272,23321008,2022-11-20,A,BOGOTA,436
1273,19240658,2023-02-19,PREMIUM ,BOGOTA,719
1274,14469353,2025-08-28,PREMIUM,BOGOTA,561
1275,47557413,2025-12-28,C,BARRANQUILLA,669
1276,72468785,2022-05-27,PREMIUM ,BOGOTÁ,718
1277,45642494,2025-02-18,PREMIUM,BOGOTÁ,708
1278,47416206,2025-12-09,VIP,MEDELLÍN,678
1279,13800986,2023-10-14,C,BOGOTA,547
1280,93930896,2025-02-08,C,MEDELLÍN,342
1281,71957160,2025-07-23,VIP,CALI,469
1282,80972908,2025-02-16,PREMIUM,CALI,338
1283,35209588,2023-01-12,C,MEDELLÍN,450
1284,95784031,2023-03-17,B,BARRANQUILLA,735
1285,62488928,2025-12-13,B,CALI,665
1286,72900522,2025-08-01,B,BOGOTA,595
1287,89549361,2022-11-23,A,BOGOTÁ,613
1288,81389514,2025-03-19,VIP,BOGOTÁ,827
1289,70089647,2022-05-30,A,BARRANQUILLA,802
1290,45580542,2022-11-20,VIP,CALI,574
1291,18825150,2025-01-29,VIP,CALI,803
1292,68458981,2024-10-18,B,BOGOTÁ,793
1293,72348360,2025-01-26,VIP,BOGOTÁ,808
1294,89322730,2022-04-29,VIP,MEDELLÍN,594
1295,48685536,2024-05-12,VIP,BARRANQUILLA,848
1296,26140113,2024-12-02,VIP,MEDELLÍN,1157
1297,65638138,2024-02-09,C,BOGOTA,487
1298,31670307,2022-06-02,C,MEDELLÍN,551
1299,16469723,2025-12-19,C,CALI,829
1300,57816341,2022-12-15,PREMIUM,BOGOTÁ,811
1301,31884601,2022-10-10,PREMIUM,CALI,484
1302,95023491,2025-06-09,VIP,BOGOTÁ,513
1303,15939334,2023-06-08,C,MEDELLÍN,387
1304,60007246,2023-11-20,B,MEDELLÍN,428
1305,24693325,2022-04-13,PREMIUM,BOGOTÁ,420
1306,86351077,2022-05-27,PREMIUM ,BOGOTÁ,337
1307,28093039,2025-06-23,PREMIUM ,BARRANQUILLA,320
1308,38735942,2023-12-10,VIP,BOGOTÁ,602
1309,44091076,2025-08-08,A,MEDELLÍN,428
1310,88645387,2025-05-13,VIP,BOGOTÁ,743
1311,74448823,2025-05-19,C,CALI,834
1312,53117886,2025-09-20,C,CALI,351
1313,77073772H,2024-08-25,VIP,BOGOTA,610
1314,75777503,2024-06-08,VIP,BOGOTA,688
1315,55848553,2022-05-06,C,CALI,476
1316,25551270,2023-09-23,VIP,BARRANQUILLA,396
1317,47872852,2023-04-27,C,BARRANQUILLA,436
1318,80314092,2023-03-25,B,BOGOTÁ,846
1319,37329173,2024-05-31,VIP,BOGOTA,724
1320,66846596,2025-11-25,A,BOGOTÁ,725
1321,14429899,2025-01-02,C,BOGOTÁ,770
1322,17347000,2022-07-22,VIP,BARRANQUILLA,756
1323,84712740,2024-10-13,PREMIUM ,CALI,671
1324,98589935,2022-03-28,PREMIUM,BARRANQUILLA,344
1325,18556135,2024-10-23,B,BOGOTÁ,749
1326,68630789,2024-04-29,VIP,BOGOTÁ,317
1327,53463413,2022-03-15,PREMIUM,BOGOTÁ,588
1328,92158288,2024-12-31,PREMIUM,BOGOTA,534
1329,78098985,2023-06-22,VIP,BOGOTÁ,798
1330,55188745,2023-08-03,A,BOGOTÁ,414
1331,92568904,2023-04-22,B,MEDELLÍN,533
1332,55874854,2024-01-24,B,MEDELLÍN,546
1333,85594878,2025-10-25,A,BOGOTÁ,446
1334,13452814,2025-01-04,PREMIUM ,BARRANQUILLA,681
1335,50425111,2025-10-06,C,BOGOTA,662
1336,50909998,2023-07-08,VIP,BOGOTA,588
1337,51467922,2025-03-27,VIP,BOGOTÁ,494
1338,34115111,2023-05-25,VIP,BOGOTÁ,474
1339,76331072,2025-10-02,C,BARRANQUILLA,653
1340,65445376,2025-06-26,PREMIUM,CALI,392
1341,49201327,2025-06-20,C,BOGOTÁ,732
1342,16852902W,2026-02-03,C,CALI,581
1343,90539718,2025-04-21,PREMIUM,BARRANQUILLA,1181
1344,82225798,2023-11-26,PREMIUM ,CALI,613
1345,69880550,2024-09-09,VIP,CALI,492
1346,68235050,2025-06-14,PREMIUM,BARRANQUILLA,836
1347,33643900,2022-10-08,VIP,BARRANQUILLA,686
1348,55611548,2023-12-19,A,BARRANQUILLA,715
1349,24054779,2026-01-26,PREMIUM ,BOGOTA,443
1350,63972789,2024-05-29,C,BOGOTÁ,372
1351,21331383,2024-10-03,PREMIUM,MEDELLÍN,392
1352,78446632,2022-05-04,C,BOGOTÁ,798
1353,28291317,2024-03-04,C,BOGOTÁ,498
1354,55362588,2024-05-02,A,MEDELLÍN,638
1355,58206785I,2023-09-05,A,CALI,1170
1356,67413770,2025-12-25,VIP,BOGOTÁ,841
1357,76607761,2025-02-01,PREMIUM,MEDELLÍN,734
1358,78602415,2024-09-04,PREMIUM ,BARRANQUILLA,493
1359,55140485,2025-05-04,PREMIUM ,BOGOTÁ,484
1360,27943886,2023-11-18,B,BOGOTÁ,415
1361,65651376,2023-11-09,VIP,BARRANQUILLA,381
1362,67416012,2024-09-06,C,BARRANQUILLA,634
1363,31672156,2026-02-17,PREMIUM ,BOGOTÁ,622
1364,39079221,2026-01-11,PREMIUM,MEDELLÍN,505
1365,36687546,2023-10-31,PREMIUM,BOGOTÁ,806
1366,12059385,2024-06-11,B,BARRANQUILLA,778
1367,45921754,2022-09-10,C,MEDELLÍN,713
1368,91036161,2022-08-20,VIP,BOGOTA,361
1369,75452592,2024-04-20,C,MEDELLÍN,647
1370,16964705,2024-03-03,VIP,MEDELLÍN,616
1371,84765359,2022-12-18,PREMIUM,CALI,708
1372,95130440Y,2025-04-12,A,BARRANQUILLA,549
1373,13049316,2022-06-23,A,BOGOTA,1194
1374,46515315,2024-10-23,VIP,MEDELLÍN,654
1375,94792530,2024-07-29,B,BARRANQUILLA,343
1376,68544710,2022-08-11,PREMIUM ,BOGOTÁ,391
1377,23798270,2023-08-10,B,BOGOTÁ,519
1378,20431929,2022-03-29,PREMIUM,MEDELLÍN,700
1379,47432022,2022-01-18,VIP,CALI,789
1380,45507773,2022-08-07,B,BOGOTÁ,744
1381,99948213,2024-06-14,B,CALI,827
1382,15698618,2022-09-08,PREMIUM,BOGOTA,339
1383,86294529,2025-01-21,B,BOGOTA,599
1384,11805518,2024-07-07,VIP,BARRANQUILLA,635
1385,47177857,2025-01-20,PREMIUM ,BOGOTA,477
1386,37312498,2024-02-15,PREMIUM,CALI,617
1387,87707325,2025-06-26,PREMIUM,BOGOTÁ,804
1388,60516162,2025-12-21,VIP,MEDELLÍN,521
1389,61590272,2022-04-20,C,BOGOTA,455
1390,16671203,2023-06-21,VIP,BOGOTA,736
1391,49290062,2023-09-17,VIP,BARRANQUILLA,687
1392,10955205,2025-03-17,C,CALI,639
1393,51130558,2023-02-22,A,BOGOTA,833
1394,48615932,2024-06-22,B,MEDELLÍN,704
1395,60796110,2023-11-15,PREMIUM,MEDELLÍN,816
1396,43197175,2025-12-26,PREMIUM ,BARRANQUILLA,516
1397,68261869,2024-11-22,VIP,BOGOTA,803
1398,55191244,2022-08-18,VIP,BOGOTÁ,529
1399,10917472,2023-09-11,B,BOGOTÁ,481
1400,30426495,2024-04-03,A,BARRANQUILLA,849
1401,70782618,2025-04-27,VIP,BOGOTÁ,575
1402,96320218,2024-07-27,C,BOGOTÁ,779
1403,71303241,2025-02-20,VIP,BOGOTÁ,750
1404,47204318,2025-06-12,A,MEDELLÍN,699
1405,34070924,2023-08-18,VIP,MEDELLÍN,758
1406,20686962,2022-07-03,VIP,BOGOTÁ,807
1407,66986402,2022-03-14,B,BOGOTA,465
1408,71647309,2022-02-24,A,BOGOTÁ,413
1409,62839391,2025-07-28,VIP,BOGOTÁ,655
1410,59975039,2022-02-15,PREMIUM ,MEDELLÍN,534
1411,13845474,2022-10-07,VIP,MEDELLÍN,814
1412,46786884,2025-10-05,C,CALI,424
1413,76974034,2025-12-14,PREMIUM ,CALI,836
1414,67218588,2026-02-01,PREMIUM ,BOGOTÁ,682
1415,30589226,2025-12-08,VIP,MEDELLÍN,749
1416,67705020,2023-03-16,VIP,CALI,575
1417,23322450,2022-10-24,PREMIUM,BOGOTÁ,839
1418,12298756,2025-09-03,VIP,BOGOTÁ,412
1419,20444453,2025-05-08,C,BOGOTÁ,313
1420,84149770,2023-08-21,PREMIUM ,CALI,488
1421,90235674S,2023-02-17,VIP,BOGOTA,770
1422,57704340,2022-03-04,B,BOGOTÁ,642
1423,92707002W,2023-10-17,C,CALI,810
1424,41356085,2023-08-17,C,CALI,757
1425,56988351,2025-08-11,B,BOGOTÁ,559
1426,81582311,2023-07-23,PREMIUM,MEDELLÍN,705
1427,76190032,2024-12-17,VIP,BOGOTA,392
1428,67889421,2022-03-25,VIP,CALI,733
1429,78493686Z,2023-03-21,A,BOGOTÁ,358
1430,79058766,2023-01-05,PREMIUM ,BARRANQUILLA,595
1431,27021093,2022-10-31,PREMIUM ,MEDELLÍN,455
1432,78870233,2026-02-07,A,BOGOTÁ,393
1433,53410212,2023-09-28,C,BOGOTA,737
1434,57994791I,2024-05-01,C,BOGOTA,449
1435,12120711,2025-04-30,VIP,BOGOTÁ,328
1436,61731417,2024-06-02,PREMIUM ,BOGOTA,639
1437,43993871,2023-06-20,PREMIUM,CALI,818
1438,92664492,2023-07-14,C,BOGOTÁ,538
1439,49314351,2022-11-03,VIP,BARRANQUILLA,454
1440,90846038,2022-08-20,PREMIUM,BOGOTÁ,387
1441,10947272,2025-07-23,VIP,MEDELLÍN,478
1442,25942096,2024-05-30,B,BOGOTA,522
1443,24058702,2025-05-20,B,MEDELLÍN,665
1444,26136571,2022-08-08,C,BOGOTÁ,608
1445,29215280,2023-12-03,VIP,BARRANQUILLA,363
1446,11998173,2023-01-25,C,CALI,793
1447,46657073,2024-01-19,C,MEDELLÍN,957
1448,11534227,2022-05-10,PREMIUM ,BARRANQUILLA,349
1449,30974295,2023-02-08,PREMIUM ,MEDELLÍN,784
1450,28583426,2025-06-29,PREMIUM ,BOGOTÁ,595
1451,83199975,2025-08-12,A,MEDELLÍN,409
1452,87882247,2023-10-12,PREMIUM ,CALI,392
1453,98136247S,2024-05-11,C,BARRANQUILLA,359
1454,37758630,2023-03-15,VIP,BOGOTA,839
1455,52720675,2026-01-15,PREMIUM ,CALI,312
1456,69551513,2022-09-22,B,BOGOTÁ,385
1457,70043429,2026-01-20,VIP,BOGOTÁ,1177
1458,92358282,2025-11-16,A,CALI,601
1459,62177348,2024-10-22,C,BOGOTÁ,491
1460,33659943,2025-06-27,A,BARRANQUILLA,427
1461,23490091,2022-02-11,VIP,CALI,411
1462,11742166,2022-08-29,PREMIUM ,BOGOTÁ,964
1463,76505438,2023-11-18,VIP,BOGOTÁ,789
1464,12873524,2025-07-09,PREMIUM ,BOGOTA,483
1465,99899784,2024-04-03,VIP,BARRANQUILLA,388
1466,78665873,2023-06-24,A,MEDELLÍN,670
1467,44152336,2025-11-06,PREMIUM,BARRANQUILLA,698
1468,15907726,2023-10-25,VIP,CALI,1066
1469,75113119,2026-01-11,VIP,CALI,692
1470,77960025,2023-10-29,PREMIUM,BOGOTÁ,381
1471,71980075,2022-10-04,B,MEDELLÍN,337
1472,17870907,2024-01-21,B,BOGOTÁ,626
1473,78911330,2023-04-15,VIP,BOGOTA,347
1474,77573174,2025-03-12,PREMIUM,MEDELLÍN,486
1475,69488479,2023-09-27,C,BOGOTA,787
1476,69892560,2022-04-08,B,BOGOTÁ,528
1477,32451154,2025-05-26,PREMIUM ,MEDELLÍN,487
1478,94805214,2022-12-22,VIP,BOGOTA,609
1479,16379515,2023-10-29,PREMIUM ,MEDELLÍN,371
1480,33266975,2024-10-22,B,CALI,486
1481,38576958,2025-10-23,VIP,BOGOTÁ,721
1482,48879284,2022-03-17,B,BOGOTÁ,750
1483,11317621U,2024-06-22,PREMIUM,BARRANQUILLA,705
1484,99652220,2024-03-10,PREMIUM ,BOGOTÁ,721
1485,47625927,2026-02-14,PREMIUM ,MEDELLÍN,484
1486,22019231,2024-03-23,PREMIUM ,BOGOTA,686
1487,56015290,2022-08-21,VIP,MEDELLÍN,648
1488,91059517,2022-05-23,A,CALI,607
1489,17534504,2024-01-16,B,BOGOTA,586
1490,96217428,2025-02-02,VIP,CALI,786
1491,66896917,2024-09-13,PREMIUM,MEDELLÍN,687
1492,38052393,2024-10-08,PREMIUM,BOGOTÁ,575
1493,11141452,2023-08-03,B,BOGOTÁ,636
1494,99436640,2023-03-06,B,BOGOTÁ,572
1495,88746951,2022-07-28,PREMIUM,BOGOTA,408
1496,53855533,2025-04-11,PREMIUM,MEDELLÍN,627
1497,93307993,2024-03-23,VIP,BOGOTÁ,410
1498,37639012,2025-09-17,PREMIUM,BOGOTA,796
1499,55422040,2023-09-17,VIP,BOGOTA,571
1500,89522817,2023-08-22,A,BOGOTA,810
1501,81224605,2024-06-22,A,MEDELLÍN,312
1502,13457521,2023-01-29,VIP,BOGOTÁ,537
1503,39797713,2024-06-24,VIP,BOGOTÁ,470
1504,82792724,2024-06-02,C,CALI,766
1505,69195534,2022-11-04,VIP,BOGOTÁ,500
1506,52322633,2024-10-29,PREMIUM,BOGOTÁ,663
1507,91574358,2023-08-09,A,MEDELLÍN,683
1508,95512608,2024-05-12,VIP,BOGOTA,607
1509,29024896,2024-02-12,PREMIUM,BOGOTÁ,343
1510,26037706,2022-08-11,VIP,MEDELLÍN,397
1511,88874382,2022-09-08,C,BOGOTÁ,439
1512,86635085,2022-10-25,B,BOGOTÁ,371
1513,44895115,2025-11-05,VIP,BARRANQUILLA,620
1514,96740199,2023-09-21,VIP,BARRANQUILLA,341
1515,13305610,2024-12-31,VIP,MEDELLÍN,572
1516,64732500,2022-03-22,PREMIUM ,MEDELLÍN,723
1517,62924805,2023-07-20,VIP,MEDELLÍN,641
1518,33835237,2025-08-12,PREMIUM ,BOGOTÁ,792
1519,16662064,2022-04-27,VIP,BARRANQUILLA,526
1520,15728394,2023-01-08,B,MEDELLÍN,448
1521,63798337W,2025-11-08,PREMIUM,BARRANQUILLA,362
1522,61946342,2023-04-27,A,BOGOTA,572
1523,30658359,2023-01-04,VIP,BOGOTÁ,327
1524,35243940,2022-09-01,A,BOGOTA,670
1525,97260739,2025-08-27,VIP,CALI,517
1526,11572138,2022-08-07,PREMIUM ,MEDELLÍN,357
1527,54171571J,2023-06-19,C,BOGOTÁ,587
1528,90514152,2022-08-29,VIP,BOGOTA,527
1529,66825938,2025-06-13,A,BOGOTÁ,485
1530,84110701,2023-11-27,VIP,CALI,509
1531,51888352,2024-11-17,VIP,BOGOTA,746
1532,16427095,2023-09-04,PREMIUM,BOGOTÁ,669
1533,57206309,2023-08-12,A,CALI,791
1534,38093327,2022-07-20,PREMIUM ,BOGOTÁ,483
1535,58442092,2023-12-11,A,CALI,836
1536,18132162,2023-08-15,PREMIUM ,CALI,549
1537,19492989,2022-07-25,B,BOGOTÁ,372
1538,26613311,2023-04-23,VIP,BOGOTÁ,659
1539,99947346,2023-04-28,A,BARRANQUILLA,451
1540,40271417,2024-11-13,PREMIUM ,BOGOTÁ,582
1541,22696688,2022-11-21,C,CALI,570
1542,41239860,2025-09-11,C,MEDELLÍN,581
1543,63182422,2024-12-13,VIP,BOGOTÁ,650
1544,98316755,2022-01-17,VIP,MEDELLÍN,439
1545,69366531,2025-08-21,A,BOGOTÁ,386
1546,67153903O,2022-08-30,VIP,MEDELLÍN,428
1547,23356632,2025-09-24,PREMIUM,BOGOTÁ,677
1548,93260243,2024-06-02,VIP,MEDELLÍN,732
1549,83414100M,2023-09-20,C,BOGOTÁ,745
1550,38756261,2025-06-15,C,BOGOTÁ,442
1551,61923821,2023-04-08,PREMIUM,BOGOTÁ,601
1552,45027732,2024-06-05,PREMIUM ,MEDELLÍN,369
1553,70126058,2022-05-04,VIP,BARRANQUILLA,411
1554,71203758,2025-11-21,VIP,MEDELLÍN,770
1555,61982996,2022-09-03,PREMIUM ,BOGOTA,491
1556,71395288,2023-05-18,PREMIUM ,BARRANQUILLA,479
1557,96904519,2025-08-01,VIP,CALI,802
1558,94742716,2026-02-15,VIP,BOGOTA,491
1559,31419897K,2025-04-15,PREMIUM ,CALI,536
1560,86413476,2024-12-04,PREMIUM ,BOGOTÁ,355
1561,60758892,2024-07-15,VIP,MEDELLÍN,496
1562,98897082,2022-02-08,VIP,BOGOTÁ,813
1563,62420967,2025-11-04,VIP,CALI,329
1564,50866635,2023-09-11,A,BARRANQUILLA,744
1565,36801589,2024-06-15,PREMIUM ,CALI,756
1566,14181726,2024-04-17,A,CALI,794
1567,92031862,2023-10-17,A,BARRANQUILLA,842
1568,29375691,2025-05-18,VIP,MEDELLÍN,738
1569,43378855,2025-01-31,VIP,BOGOTA,410
1570,22275520,2024-03-28,PREMIUM ,BOGOTÁ,490
1571,57468948,2022-10-06,VIP,MEDELLÍN,634
1572,69871253,2026-02-12,PREMIUM,BOGOTÁ,507
1573,18821437,2024-06-28,C,BOGOTÁ,828
1574,72640623,2024-01-08,A,CALI,728
1575,23693090,2022-09-06,VIP,BOGOTÁ,665
1576,72701639,2025-05-27,PREMIUM ,CALI,1042
1577,81926775,2026-02-14,B,MEDELLÍN,359
1578,70422713,2022-09-28,PREMIUM ,BARRANQUILLA,706
1579,44068385,2023-04-28,B,CALI,325
1580,16434323,2024-03-12,VIP,BOGOTA,689
1581,10685503,2022-04-10,VIP,CALI,445
1582,14777421,2023-09-01,PREMIUM ,CALI,312
1583,59035647,2026-02-01,C,BOGOTA,698
1584,14218346,2022-05-31,A,MEDELLÍN,718
1585,56884754R,2024-12-15,PREMIUM,BOGOTÁ,421
1586,76725931,2025-02-04,VIP,BOGOTA,616
1587,32919530,2023-02-27,VIP,BOGOTÁ,349
1588,38412258,2022-12-13,C,MEDELLÍN,463
1589,11765317,2025-01-18,VIP,BOGOTÁ,427
1590,42676719,2023-12-05,PREMIUM,BOGOTA,762
1591,12416826,2022-04-10,VIP,BARRANQUILLA,489
1592,65546284,2025-06-28,VIP,BOGOTÁ,583
1593,18499970,2023-12-21,B,MEDELLÍN,435
1594,64702250,2025-08-03,C,BARRANQUILLA,458
1595,12362854,2023-09-28,C,CALI,803
1596,53682162,2023-05-25,PREMIUM,BOGOTÁ,402
1597,27552508,2023-06-20,B,CALI,612
1598,20298825,2024-05-03,B,BOGOTA,529
1599,60690929,2024-02-18,PREMIUM ,BOGOTÁ,496
1600,64745659,2022-04-16,PREMIUM ,CALI,470
1601,17752342,2025-03-07,PREMIUM,MEDELLÍN,752
1602,48854533,2024-06-10,PREMIUM,BARRANQUILLA,793
1603,27353731,2023-08-16,VIP,BOGOTA,392
1604,12050053,2022-12-08,VIP,CALI,587
1605,75586599,2022-10-13,VIP,BOGOTÁ,756
1606,55278419,2024-06-06,VIP,BARRANQUILLA,305
1607,50180087,2023-11-08,C,BOGOTA,746
1608,78668521,2023-01-27,C,BARRANQUILLA,700
1609,60877374,2023-10-25,PREMIUM ,BOGOTA,751
1610,51321256,2024-02-25,PREMIUM,BOGOTÁ,715
1611,44045431,2022-07-16,PREMIUM ,MEDELLÍN,753
1612,49755285,2025-09-23,VIP,BOGOTÁ,492
1613,18796015,2022-04-05,PREMIUM,BOGOTA,814
1614,51999675,2024-07-01,PREMIUM,MEDELLÍN,375
1615,12343136,2025-10-30,C,BOGOTA,829
1616,14422888,2025-10-18,PREMIUM,BOGOTÁ,382
1617,26862382,2023-03-17,A,BOGOTA,368
1618,75320191G,2025-05-15,B,CALI,329
1619,27075099,2022-08-28,A,BOGOTÁ,536
1620,61087727,2023-04-08,C,BOGOTÁ,794
1621,78552265,2023-05-10,B,BARRANQUILLA,789
1622,22479981,2024-06-24,C,BOGOTÁ,613
1623,37898230,2022-06-03,VIP,MEDELLÍN,324
1624,24495074,2026-01-03,B,BOGOTA,415
1625,39073121,2022-01-29,PREMIUM ,BARRANQUILLA,398
1626,85810388,2022-10-01,VIP,MEDELLÍN,704
1627,35514668,2022-02-09,A,MEDELLÍN,802
1628,96817611,2023-12-03,PREMIUM,MEDELLÍN,420
1629,98761297,2023-05-08,PREMIUM,BARRANQUILLA,353
1630,44968906,2024-10-25,PREMIUM,BOGOTA,540
1631,63289146,2023-07-13,VIP,BARRANQUILLA,561
1632,36293611,2024-12-16,PREMIUM,BOGOTA,790
1633,48689071F,2025-12-06,B,BOGOTÁ,597
1634,97457467,2023-05-28,VIP,BOGOTA,632
1635,36875637,2023-11-16,VIP,BARRANQUILLA,773
1636,27686426,2024-07-09,PREMIUM,BOGOTÁ,582
1637,16240327,2024-03-19,VIP,CALI,562
1638,66620918,2025-10-02,VIP,BOGOTÁ,311
1639,95313277,2023-03-01,VIP,BOGOTÁ,316
1640,33916796,2025-02-09,PREMIUM ,BOGOTA,764
1641,50322851,2025-11-22,C,BOGOTA,819
1642,16918863,2025-12-06,VIP,BARRANQUILLA,474
1643,36099300,2023-06-26,C,CALI,699
1644,38116038,2022-12-30,VIP,BOGOTÁ,479
1645,49028092,2023-12-16,C,BOGOTÁ,592
1646,77178382,2022-02-26,VIP,BOGOTÁ,527
1647,31978898,2024-06-12,VIP,BOGOTA,760
1648,75034404F,2022-06-26,VIP,BOGOTÁ,326
1649,79427484,2023-11-05,B,BOGOTA,580
1650,22063550,2023-08-17,A,BOGOTÁ,463
1651,12429151,2023-07-01,VIP,BOGOTÁ,445
1652,73808437,2026-01-06,PREMIUM ,MEDELLÍN,329
1653,51505238,2024-05-08,PREMIUM,MEDELLÍN,333
1654,80886205,2024-09-04,C,BOGOTÁ,520
1655,98862643,2023-08-03,PREMIUM ,MEDELLÍN,666
1656,58291558,2024-07-18,PREMIUM,BARRANQUILLA,849
1657,10506995,2022-06-02,VIP,MEDELLÍN,538
1658,68259896,2023-04-24,C,BOGOTÁ,447
1659,71555999,2023-03-14,A,BOGOTÁ,687
1660,70321284,2023-06-07,C,BARRANQUILLA,577
1661,90443169,2024-07-20,VIP,MEDELLÍN,434
1662,46635794,2024-10-30,PREMIUM,CALI,789
1663,44595998,2025-09-10,A,CALI,683
1664,75743288,2025-01-01,VIP,CALI,488
1665,45173714,2025-05-08,A,BOGOTÁ,480
1666,31219187,2025-10-13,PREMIUM ,BARRANQUILLA,437
1667,86384571,2026-02-04,C,CALI,443
1668,70251437,2025-06-20,C,BOGOTÁ,722
1669,16818922,2025-10-14,VIP,BOGOTÁ,387
1670,27929098,2026-02-16,PREMIUM ,MEDELLÍN,640
1671,50553798,2025-04-20,B,CALI,709
1672,25393675,2022-05-20,PREMIUM ,BOGOTÁ,524
1673,42250847G,2024-08-10,VIP,BARRANQUILLA,620
1674,75985129,2023-01-15,C,MEDELLÍN,685
1675,14102553N,2023-11-25,VIP,BOGOTÁ,595
1676,85543722,2024-10-15,VIP,BOGOTÁ,630
1677,53293890,2025-08-09,A,BOGOTA,311
1678,96903273,2023-07-04,VIP,BOGOTA,481
1679,77985200,2024-03-28,A,BOGOTÁ,615
1680,23317715,2022-04-17,VIP,BOGOTÁ,395
1681,30849083,2023-12-05,C,BARRANQUILLA,597
1682,58617184,2022-04-24,PREMIUM ,CALI,660
1683,14639022,2022-08-30,C,BOGOTÁ,720
1684,35657039,2025-08-19,A,CALI,536
1685,34465875,2022-07-24,PREMIUM,BOGOTÁ,662
1686,76147880,2025-09-11,VIP,BARRANQUILLA,635
1687,51997785,2026-02-08,B,BOGOTA,621
1688,93629479,2024-07-12,VIP,BOGOTÁ,372
1689,68765512,2024-10-03,A,BOGOTÁ,821
1690,46900577,2025-12-22,C,BARRANQUILLA,338
1691,96536512F,2022-03-21,VIP,BOGOTÁ,734
1692,73058842,2024-07-31,C,MEDELLÍN,685
1693,92320668,2024-09-14,VIP,BOGOTÁ,826
1694,71766811,2025-10-18,PREMIUM,BARRANQUILLA,639
1695,11196311,2025-04-12,PREMIUM ,BOGOTÁ,427
1696,11462603,2022-03-09,VIP,BARRANQUILLA,935
1697,44741269,2024-05-22,C,CALI,505
1698,54378959,2024-12-07,VIP,BOGOTÁ,655
1699,56992088,2023-07-25,C,BOGOTÁ,395
1700,99059475,2025-05-02,C,BOGOTÁ,829
1701,72595266,2025-10-20,PREMIUM,BOGOTÁ,779
1702,92322831,2024-04-30,A,BOGOTÁ,751
1703,47416039,2024-03-12,VIP,BARRANQUILLA,761
1704,57375247,2023-05-22,B,BOGOTÁ,636
1705,20176828,2022-03-28,PREMIUM,BARRANQUILLA,826
1706,91683112,2024-10-13,C,BARRANQUILLA,609
1707,34747780,2025-02-13,PREMIUM,BOGOTÁ,408
1708,95482326D,2023-10-27,VIP,BOGOTÁ,505
1709,79578794,2022-07-20,VIP,BOGOTÁ,544
1710,53922786,2025-11-29,PREMIUM ,BOGOTA,775
1711,65394229,2023-12-13,A,BOGOTÁ,489
1712,41785895,2025-05-05,A,BARRANQUILLA,550
1713,72110920,2022-03-20,B,BOGOTÁ,625
1714,48837854,2025-12-10,VIP,BOGOTÁ,1118
1715,15219574,2025-12-28,A,BARRANQUILLA,643
1716,24223887,2025-08-11,A,BOGOTÁ,831
1717,42329598,2022-02-20,VIP,MEDELLÍN,357
1718,34928384,2026-02-12,C,BOGOTÁ,625
1719,21765788,2023-07-19,VIP,BOGOTA,411
1720,99853600,2025-08-16,PREMIUM ,MEDELLÍN,430
1721,24284450,2022-05-04,C,BOGOTÁ,774
1722,35435339,2025-05-20,PREMIUM,MEDELLÍN,511
1723,24912584,2023-01-21,PREMIUM,MEDELLÍN,542
1724,84954636,2022-02-16,A,BOGOTÁ,487
1725,24136405,2025-12-30,A,BARRANQUILLA,775
1726,75534828,2022-10-15,A,BOGOTÁ,1110
1727,71394671,2025-04-27,PREMIUM,BOGOTÁ,325
1728,53484059,2023-04-13,VIP,MEDELLÍN,436
1729,95543663,2024-01-02,VIP,BARRANQUILLA,734
1730,33254222,2024-04-25,VIP,BOGOTÁ,738
1731,71912105L,2023-12-07,VIP,BOGOTÁ,710
1732,17775679,2022-09-25,C,BARRANQUILLA,668
1733,45569506P,2025-03-29,VIP,BOGOTÁ,531
1734,98606138,2025-02-09,VIP,BOGOTA,351
1735,62134150,2025-02-26,VIP,MEDELLÍN,566
1736,20463128,2026-01-05,PREMIUM ,MEDELLÍN,720
1737,68576692,2024-06-29,PREMIUM,BARRANQUILLA,568
1738,98924540,2025-10-27,A,BOGOTÁ,417
1739,93377781,2023-02-17,PREMIUM,CALI,559
1740,36859824,2025-02-19,PREMIUM ,BARRANQUILLA,306
1741,35897482V,2022-02-19,VIP,MEDELLÍN,647
1742,92556904,2024-02-04,VIP,BOGOTÁ,1178
1743,12455918,2024-08-31,PREMIUM,BOGOTA,612
1744,24042008,2022-01-21,VIP,BOGOTÁ,353
1745,71086560,2023-12-31,A,CALI,463
1746,34365389,2023-12-15,PREMIUM,MEDELLÍN,846
1747,64062018,2024-10-08,PREMIUM,BOGOTA,713
1748,72648941,2023-07-19,B,MEDELLÍN,516
1749,10801125,2022-11-03,PREMIUM,CALI,806
1750,29470911,2025-06-21,VIP,CALI,545
1751,86807487,2025-07-18,B,BOGOTÁ,386
1752,22901865,2022-07-29,B,BOGOTÁ,818
1753,54476240,2025-03-27,B,CALI,468
1754,47221001,2025-01-25,B,BOGOTÁ,740
1755,92620796,2024-02-09,VIP,BOGOTA,605
1756,79198496,2023-07-17,PREMIUM ,BOGOTA,812
1757,93199163,2023-08-22,VIP,BARRANQUILLA,815
1758,55949429,2025-12-11,VIP,BARRANQUILLA,559
1759,16355421,2024-11-20,C,BARRANQUILLA,477
1760,30805820,2023-08-15,VIP,MEDELLÍN,590
1761,71065507,2025-02-08,PREMIUM,BOGOTÁ,582
1762,78015259E,2022-03-16,VIP,BOGOTÁ,807
1763,89325711,2024-08-10,PREMIUM ,BOGOTÁ,654
1764,18288515,2025-04-22,B,BOGOTÁ,720
1765,38447661,2024-08-27,VIP,BARRANQUILLA,1031
1766,85964061,2022-10-12,C,MEDELLÍN,577
1767,53635777,2025-05-28,PREMIUM,BOGOTÁ,407
1768,79376221,2023-02-02,PREMIUM ,BOGOTA,829
1769,43059070,2025-06-08,PREMIUM,BARRANQUILLA,1152
1770,55525374,2024-07-01,PREMIUM,MEDELLÍN,741
1771,66628313,2024-07-18,PREMIUM,BOGOTÁ,689
1772,51163819,2023-01-22,A,BARRANQUILLA,318
1773,80463377,2026-01-18,A,CALI,656
1774,30080139,2022-03-06,VIP,BOGOTA,454
1775,69147144,2025-01-11,VIP,BOGOTÁ,545
1776,65436107,2022-11-23,A,BOGOTA,840
1777,28866922,2025-05-25,A,BOGOTÁ,416
1778,81414529,2025-09-01,A,CALI,786
1779,19003281,2022-12-19,VIP,BOGOTÁ,558
1780,45284715,2022-03-08,B,CALI,721
1781,31807008,2025-02-07,PREMIUM,BOGOTÁ,663
1782,25678986,2023-09-23,VIP,MEDELLÍN,495
1783,25234145,2022-02-07,C,CALI,321
1784,67691307,2025-10-09,PREMIUM,CALI,682
1785,23552664,2022-10-30,PREMIUM,BARRANQUILLA,802
1786,72565460,2022-03-17,PREMIUM,BOGOTÁ,443
1787,48117599,2025-08-25,C,BARRANQUILLA,519
1788,12795126,2025-05-31,VIP,BOGOTÁ,732
1789,40535317,2022-02-04,A,BOGOTÁ,715
1790,55566678,2023-03-11,A,BOGOTÁ,496
1791,44456905,2023-09-14,B,BARRANQUILLA,550
1792,85616014,2022-04-11,VIP,BOGOTÁ,422
1793,73539547,2023-06-21,VIP,MEDELLÍN,328
1794,28292770,2022-04-02,VIP,BOGOTÁ,817
1795,57484197M,2022-12-07,PREMIUM ,MEDELLÍN,648
1796,46785218,2025-10-21,C,BARRANQUILLA,819
1797,97302483,2024-07-03,PREMIUM ,CALI,474
1798,47175852,2023-04-17,VIP,BOGOTA,435
1799,25111500,2026-02-11,B,CALI,494
1800,44806093,2023-05-10,PREMIUM,CALI,632
1801,58503110,2023-11-04,A,MEDELLÍN,314
1802,65043685,2022-03-04,B,BOGOTA,525
1803,53036055,2022-03-01,C,MEDELLÍN,412
1804,71569024,2022-10-07,VIP,BOGOTÁ,565
1805,82062663,2025-04-20,A,BOGOTÁ,668
1806,68570763,2022-01-23,PREMIUM,CALI,644
1807,75431227,2022-04-30,VIP,BOGOTÁ,793
1808,52197411,2025-10-09,B,CALI,470
1809,53105220,2023-04-08,VIP,CALI,726
1810,85404817,2024-05-03,PREMIUM,MEDELLÍN,1040
1811,79319994,2022-06-18,B,BOGOTÁ,743
1812,70921272,2025-08-25,VIP,CALI,391
1813,90086071,2025-11-01,C,BOGOTA,454
1814,41905928,2023-06-04,VIP,BARRANQUILLA,531
1815,83525979,2023-02-24,PREMIUM,BOGOTÁ,780
1816,99473837,2023-06-02,C,BOGOTÁ,548
1817,53714543,2023-08-13,PREMIUM,CALI,622
1818,34093575,2022-02-25,VIP,MEDELLÍN,817
1819,87941341,2022-08-07,PREMIUM ,CALI,728
1820,66925892,2025-09-25,PREMIUM ,BARRANQUILLA,836
1821,79853550,2023-11-30,VIP,BARRANQUILLA,365
1822,37229553,2024-07-12,VIP,BOGOTA,474
1823,53958766,2023-01-12,C,BARRANQUILLA,413
1824,36576632,2022-12-07,C,BARRANQUILLA,738
1825,63355494,2024-08-31,C,CALI,608
1826,87836661,2025-07-02,A,MEDELLÍN,727
1827,34556224,2022-08-01,PREMIUM,BARRANQUILLA,739
1828,62056502,2023-08-20,PREMIUM,BOGOTÁ,588
1829,33507635,2022-12-28,VIP,BOGOTA,552
1830,94597796,2025-10-16,PREMIUM,BOGOTA,709
1831,51096674,2024-07-08,VIP,BARRANQUILLA,467
1832,93800357,2023-05-07,C,BARRANQUILLA,642
1833,53883023,2024-12-28,VIP,MEDELLÍN,839
1834,44401837,2022-02-18,C,BOGOTA,535
1835,60565110,2025-11-27,C,BOGOTA,513
1836,13401447,2025-12-17,PREMIUM,MEDELLÍN,384
1837,55643397A,2022-05-25,C,BOGOTÁ,363
1838,74650154,2022-11-26,VIP,BOGOTÁ,651
1839,15002828,2022-01-25,PREMIUM,BOGOTÁ,790
1840,32367456,2023-08-16,PREMIUM ,CALI,1002
1841,20782554,2023-02-04,VIP,BOGOTÁ,765
1842,74419118,2024-04-09,PREMIUM,CALI,734
1843,28371718,2022-02-25,VIP,BOGOTÁ,349
1844,15982547,2024-05-15,A,CALI,646
1845,87571418,2025-11-03,C,BARRANQUILLA,544
1846,36427192,2023-02-02,B,BOGOTÁ,832
1847,66586535,2022-11-07,C,BOGOTÁ,411
1848,45141974,2024-06-01,A,BOGOTA,400
1849,33834000,2023-07-29,PREMIUM ,BOGOTÁ,327
1850,39783576,2025-04-29,C,CALI,357
1851,17581002,2023-05-06,C,CALI,548
1852,78110885,2023-11-09,A,BOGOTA,374
1853,27069223,2022-05-13,A,MEDELLÍN,802
1854,12928785,2023-09-11,PREMIUM,BARRANQUILLA,540
1855,11612119,2024-03-20,A,MEDELLÍN,334
1856,83385984,2024-12-18,B,BOGOTA,452
1857,86943867,2024-10-17,VIP,BOGOTA,425
1858,77252568,2024-02-28,PREMIUM ,BOGOTÁ,520
1859,86864536,2022-11-02,A,MEDELLÍN,827
1860,39169138,2024-10-27,C,BOGOTÁ,341
1861,90735137,2022-03-27,VIP,BOGOTA,738
1862,11286188,2023-02-22,VIP,CALI,320
1863,91779560H,2024-08-18,PREMIUM ,BOGOTÁ,347
1864,28561310,2024-08-27,B,MEDELLÍN,309
1865,80770961,2022-06-08,VIP,BOGOTÁ,680
1866,57628766,2024-09-22,PREMIUM ,BARRANQUILLA,314
1867,94739239G,2024-06-09,VIP,BOGOTA,820
1868,84757256,2022-04-10,C,BOGOTÁ,453
1869,78709584,2025-09-30,PREMIUM ,BOGOTÁ,571
1870,57980339,2025-06-18,B,BOGOTA,368
1871,37135236,2024-06-07,C,BOGOTÁ,378
1872,25371868,2024-01-10,C,BOGOTA,824
1873,83735788,2022-10-26,VIP,BOGOTÁ,629
1874,35646174,2025-12-15,A,BOGOTÁ,307
1875,87184495,2022-05-02,VIP,MEDELLÍN,490
1876,64244317,2025-05-29,B,BOGOTA,416
1877,18164962U,2022-07-09,B,BOGOTA,784
1878,75978252,2025-02-09,VIP,BOGOTA,463
1879,53004556,2024-08-20,A,MEDELLÍN,567
1880,97258185,2025-12-09,PREMIUM,MEDELLÍN,807
1881,52973491,2022-12-24,PREMIUM ,CALI,498
1882,29038007,2022-12-03,B,BARRANQUILLA,786
1883,56984860,2025-08-25,VIP,BOGOTÁ,505
1884,58482500U,2023-12-14,PREMIUM,CALI,388
1885,78969235,2025-07-26,VIP,BARRANQUILLA,482
1886,76395265,2023-10-03,PREMIUM ,BARRANQUILLA,312
1887,40147291,2022-04-23,PREMIUM ,BARRANQUILLA,405
1888,29138117,2024-07-06,A,BOGOTÁ,398
1889,91952330,2025-04-01,PREMIUM,BOGOTA,491
1890,67873362,2023-09-10,B,BARRANQUILLA,766
1891,57809902,2025-09-29,A,BOGOTÁ,617
1892,22896471,2025-04-02,A,CALI,660
1893,69304974,2023-07-15,VIP,BARRANQUILLA,516
1894,75256994,2025-05-26,VIP,BARRANQUILLA,482
1895,16297042,2024-11-10,VIP,BOGOTA,818
1896,38862768,2025-11-01,VIP,BARRANQUILLA,443
1897,84798069,2024-07-05,PREMIUM,BARRANQUILLA,531
1898,12098729,2025-08-31,PREMIUM,BOGOTÁ,572
1899,74201676,2022-11-29,B,BOGOTÁ,306
1900,26465417,2024-09-20,VIP,BOGOTÁ,935
1901,22124055,2025-10-09,A,MEDELLÍN,514
1902,77259517,2024-04-05,B,CALI,738
1903,99013399,2022-04-15,A,BOGOTÁ,630
1904,15088539,2022-11-18,PREMIUM ,BARRANQUILLA,374
1905,32074556,2023-07-19,PREMIUM,BOGOTA,377
1906,73938137,2024-08-03,PREMIUM ,BOGOTA,320
1907,36043575,2023-11-16,A,BARRANQUILLA,521
1908,45432211,2023-03-05,PREMIUM,CALI,411
1909,38720008,2022-10-15,A,BOGOTÁ,490
1910,19941699,2025-02-06,PREMIUM ,CALI,334
1911,67340290,2024-06-14,PREMIUM,MEDELLÍN,536
1912,78417030,2026-02-19,PREMIUM ,BOGOTÁ,582
1913,38886746,2022-09-15,VIP,BOGOTÁ,763
1914,46065451,2022-12-31,VIP,MEDELLÍN,386
1915,97594281,2025-09-08,PREMIUM,BOGOTA,783
1916,57732712,2025-07-26,C,CALI,682
1917,60736559,2025-07-11,A,MEDELLÍN,947
1918,60042301,2022-08-06,VIP,BOGOTA,415
1919,73406526O,2022-08-23,A,BARRANQUILLA,667
1920,78470076,2023-01-28,C,BOGOTÁ,714
1921,28380560,2024-04-28,VIP,CALI,323
1922,88419793,2024-03-04,A,CALI,349
1923,68445297,2023-02-13,VIP,CALI,634
1924,35967642Q,2024-08-07,VIP,BOGOTA,570
1925,37384611,2025-01-29,VIP,BARRANQUILLA,546
1926,29878589,2023-06-12,PREMIUM,BOGOTA,660
1927,47967335,2022-08-20,PREMIUM ,BARRANQUILLA,651
1928,56021853,2024-08-23,C,BARRANQUILLA,300
1929,34219726,2025-03-23,C,MEDELLÍN,535
1930,11467256,2023-01-25,PREMIUM,MEDELLÍN,648
1931,58145489,2024-01-17,PREMIUM ,BOGOTÁ,801
1932,51280408,2026-02-06,C,CALI,849
1933,70084615K,2025-04-16,B,BOGOTA,646
1934,32575489,2022-05-11,PREMIUM ,BOGOTA,508
1935,39619149,2023-01-30,A,BOGOTA,393
1936,78471380,2024-01-25,B,CALI,744
1937,32004757,2025-04-20,C,BOGOTA,590
1938,84288255,2023-10-26,VIP,CALI,572
1939,38549561,2025-10-13,VIP,BOGOTA,802
1940,65296596,2023-10-12,B,BOGOTÁ,781
1941,19878917,2023-02-23,B,BOGOTA,624
1942,72025363,2023-11-24,PREMIUM ,BOGOTÁ,747
1943,45482788,2024-03-13,VIP,BOGOTA,787
1944,88710185,2024-06-18,PREMIUM,BOGOTA,564
1945,65745877,2024-04-17,B,CALI,577
1946,59669558,2022-03-07,VIP,BOGOTÁ,456
1947,70598522,2025-03-30,PREMIUM,CALI,829
1948,66226686,2024-09-25,VIP,MEDELLÍN,396
1949,63226755,2023-02-10,C,BOGOTÁ,424
1950,55112602,2025-09-12,B,BARRANQUILLA,358
1951,77643497,2022-02-18,A,MEDELLÍN,404
1952,28641123,2022-01-24,PREMIUM,BOGOTA,617
1953,69642657,2023-03-08,A,MEDELLÍN,771
1954,82202252,2023-04-15,C,CALI,739
1955,73146677,2025-07-06,PREMIUM ,BOGOTÁ,412
1956,93050790,2024-12-21,A,BOGOTÁ,488
1957,20531792,2024-05-03,VIP,CALI,378
1958,75875125,2024-01-20,PREMIUM,CALI,798
1959,25962977,2025-06-17,PREMIUM,BOGOTÁ,370
1960,45324049,2024-07-18,VIP,BOGOTÁ,595
1961,15369337,2023-02-24,VIP,BOGOTA,492
1962,69187251,2023-08-18,C,BARRANQUILLA,662
1963,24649817,2022-02-26,A,CALI,820
1964,81048489,2024-03-31,PREMIUM,BOGOTÁ,734
1965,88490821,2024-09-06,B,MEDELLÍN,427
1966,74526295,2023-11-03,C,BARRANQUILLA,710
1967,69686581,2022-04-29,A,BARRANQUILLA,540
1968,73640087,2022-02-26,A,CALI,683
1969,53426742,2023-06-07,B,CALI,585
1970,13886613,2022-10-03,C,BARRANQUILLA,758
1971,90143858,2024-08-15,A,BOGOTÁ,724
1972,66052321,2022-11-26,PREMIUM ,BOGOTÁ,842
1973,80438646,2025-05-23,VIP,BOGOTÁ,421
1974,19143589,2024-11-06,C,BOGOTÁ,697
1975,44517976,2023-01-13,PREMIUM ,BOGOTÁ,506
1976,51049527,2024-07-31,PREMIUM ,BARRANQUILLA,577
1977,44512811,2023-01-09,PREMIUM,CALI,781
1978,21290492,2024-03-12,PREMIUM ,MEDELLÍN,776
1979,75955748,2025-08-25,B,BARRANQUILLA,620
1980,43399680,2023-12-24,PREMIUM ,BOGOTÁ,518
1981,78270004,2024-10-16,PREMIUM ,BOGOTÁ,827
1982,21042682,2023-03-10,PREMIUM,BOGOTÁ,360
1983,66817319,2023-10-26,VIP,BARRANQUILLA,837
1984,93505216,2022-08-03,PREMIUM ,MEDELLÍN,470
1985,40601080,2022-04-07,C,BARRANQUILLA,834
1986,60335659,2025-11-04,VIP,CALI,626
1987,43150798,2024-07-10,A,BOGOTÁ,1105
1988,44157583,2024-06-22,PREMIUM ,BOGOTÁ,626
1989,26091794,2023-04-23,VIP,CALI,301
1990,39092273,2023-02-11,B,MEDELLÍN,424
1991,24367204,2023-12-13,PREMIUM ,BOGOTÁ,449
1992,31277544,2025-10-14,VIP,BARRANQUILLA,639
1993,77840500,2022-10-17,PREMIUM,BOGOTÁ,357
1994,61017938,2023-01-26,VIP,CALI,344
1995,46771094,2022-03-19,PREMIUM,CALI,834
1996,87951366,2026-01-24,PREMIUM ,BOGOTA,343
1997,46838169,2023-06-21,VIP,BOGOTÁ,396
1998,61954211,2025-08-19,A,BARRANQUILLA,518
1999,89268932,2023-10-26,B,BOGOTÁ,429
2000,63719638,2022-11-30,C,MEDELLÍN,633
1861,90735137,2022-03-27,VIP,BOGOTA,738
354,23769205,2025-10-29,VIP,BOGOTA,412
1334,13452814,2025-01-04,PREMIUM ,BARRANQUILLA,681
906,29339821,2025-10-01,PREMIUM ,CALI,849
1290,45580542,2022-11-20,VIP,CALI,574
1274,14469353,2025-08-28,PREMIUM,BOGOTA,561
939,64441451,2022-11-22,VIP,CALI,493
1732,17775679,2022-09-25,C,BARRANQUILLA,668
66,16659908,2023-06-14,PREMIUM ,BOGOTA,497
1324,98589935,2022-03-28,PREMIUM,BARRANQUILLA,344
57,76653416,2024-12-05,PREMIUM ,BOGOTÁ,412
1293,72348360,2025-01-26,VIP,BOGOTÁ,808
1119,52495479,2023-03-19,VIP,BOGOTA,755
585,86794548,2022-09-29,PREMIUM ,BOGOTÁ,541
375,81370810,2024-02-15,VIP,MEDELLÍN,427
276,27810471,2024-08-21,PREMIUM,BARRANQUILLA,528
747,99957925,2022-09-25,B,CALI,667
129,26953831,2023-09-07,VIP,MEDELLÍN,536
1647,31978898,2024-06-12,VIP,BOGOTA,760
1853,27069223,2022-05-13,A,MEDELLÍN,802
675,75749277,2023-02-08,A,CALI,448
1665,45173714,2025-05-08,A,BOGOTÁ,480
1982,21042682,2023-03-10,PREMIUM,BOGOTÁ,360
1084,57406955,2022-02-05,C,BOGOTÁ,822
1923,68445297,2023-02-13,VIP,CALI,634
100,88384476,2025-04-24,PREMIUM ,BARRANQUILLA,796
1180,55787926,2022-03-30,VIP,BOGOTÁ,383
965,21044590,2023-07-30,PREMIUM,BOGOTÁ,711
793,44867175,2025-08-02,A,BOGOTÁ,704
30,48727468,2024-09-17,PREMIUM ,BOGOTÁ,364
629,14338843,2022-12-10,VIP,BOGOTÁ,590
945,90947292,2025-10-01,VIP,BOGOTÁ,723
573,61255428,2023-06-24,VIP,BOGOTÁ,575
908,26530109,2024-07-04,C,MEDELLÍN,846
1081,57423958,2023-08-06,VIP,BOGOTÁ,517
451,45383985,2022-12-09,A,BOGOTÁ,361
1610,51321256,2024-02-25,PREMIUM,BOGOTÁ,715
1291,18825150,2025-01-29,VIP,CALI,803
1079,25861936,2024-06-06,C,BOGOTÁ,497
255,32937902,2024-02-25,VIP,BOGOTA,355
